year,ippu_category,product,product_definition,source_dataset,source_table_or_sheet,source_value,source_unit,conversion_factor_to_tonnes,standardised_value_tonnes,reporting_notation,comparability_status,notes
1990,to_be_mapped_after_inventory_review,"Известь гашенная, негашеная и гидравлическая, тонн",BNS physical industrial output; gross output definition,BNS industrial production 1990-2025,обрабатыв; Республика Казахстан row,1943000,тонн,,,numeric_or_blank,requires_match_to_UNFCCC_activity_data,Extracted automatically; source file and product label retained
1991,to_be_mapped_after_inventory_review,"Известь гашенная, негашеная и гидравлическая, тонн",BNS physical industrial output; gross output definition,BNS industrial production 1990-2025,обрабатыв; Республика Казахстан row,1802100,тонн,,,numeric_or_blank,requires_match_to_UNFCCC_activity_data,Extracted automatically; source file and product label retained
1992,to_be_mapped_after_inventory_review,"Известь гашенная, негашеная и гидравлическая, тонн",BNS physical industrial output; gross output definition,BNS industrial production 1990-2025,обрабатыв; Республика Казахстан row,1634400,тонн,,,numeric_or_blank,requires_match_to_UNFCCC_activity_data,Extracted automatically; source file and product label retained
1993,to_be_mapped_after_inventory_review,"Известь гашенная, негашеная и гидравлическая, тонн",BNS physical industrial output; gross output definition,BNS industrial production 1990-2025,обрабатыв; Республика Казахстан row,1108200,тонн,,,numeric_or_blank,requires_match_to_UNFCCC_activity_data,Extracted automatically; source file and product label retained
1994,to_be_mapped_after_inventory_review,"Известь гашенная, негашеная и гидравлическая, тонн",BNS physical industrial output; gross output definition,BNS industrial production 1990-2025,обрабатыв; Республика Казахстан row,714700,тонн,,,numeric_or_blank,requires_match_to_UNFCCC_activity_data,Extracted automatically; source file and product label retained
1995,to_be_mapped_after_inventory_review,"Известь гашенная, негашеная и гидравлическая, тонн",BNS physical industrial output; gross output definition,BNS industrial production 1990-2025,обрабатыв; Республика Казахстан row,721000,тонн,,,numeric_or_blank,requires_match_to_UNFCCC_activity_data,Extracted automatically; source file and product label retained
1996,to_be_mapped_after_inventory_review,"Известь гашенная, негашеная и гидравлическая, тонн",BNS physical industrial output; gross output definition,BNS industrial production 1990-2025,обрабатыв; Республика Казахстан row,559100,тонн,,,numeric_or_blank,requires_match_to_UNFCCC_activity_data,Extracted automatically; source file and product label retained
1997,to_be_mapped_after_inventory_review,"Известь гашенная, негашеная и гидравлическая, тонн",BNS physical industrial output; gross output definition,BNS industrial production 1990-2025,обрабатыв; Республика Казахстан row,559200,тонн,,,numeric_or_blank,requires_match_to_UNFCCC_activity_data,Extracted automatically; source file and product label retained
1998,to_be_mapped_after_inventory_review,"Известь гашенная, негашеная и гидравлическая, тонн",BNS physical industrial output; gross output definition,BNS industrial production 1990-2025,обрабатыв; Республика Казахстан row,567600,тонн,,,numeric_or_blank,requires_match_to_UNFCCC_activity_data,Extracted automatically; source file and product label retained
1999,to_be_mapped_after_inventory_review,"Известь гашенная, негашеная и гидравлическая, тонн",BNS physical industrial output; gross output definition,BNS industrial production 1990-2025,обрабатыв; Республика Казахстан row,560400,тонн,,,numeric_or_blank,requires_match_to_UNFCCC_activity_data,Extracted automatically; source file and product label retained
2000,to_be_mapped_after_inventory_review,"Известь гашенная, негашеная и гидравлическая, тонн",BNS physical industrial output; gross output definition,BNS industrial production 1990-2025,обрабатыв; Республика Казахстан row,622904,тонн,,,numeric_or_blank,requires_match_to_UNFCCC_activity_data,Extracted automatically; source file and product label retained
2001,to_be_mapped_after_inventory_review,"Известь гашенная, негашеная и гидравлическая, тонн",BNS physical industrial output; gross output definition,BNS industrial production 1990-2025,обрабатыв; Республика Казахстан row,689290,тонн,,,numeric_or_blank,requires_match_to_UNFCCC_activity_data,Extracted automatically; source file and product label retained
2002,to_be_mapped_after_inventory_review,"Известь гашенная, негашеная и гидравлическая, тонн",BNS physical industrial output; gross output definition,BNS industrial production 1990-2025,обрабатыв; Республика Казахстан row,710699,тонн,,,numeric_or_blank,requires_match_to_UNFCCC_activity_data,Extracted automatically; source file and product label retained
2003,to_be_mapped_after_inventory_review,"Известь гашенная, негашеная и гидравлическая, тонн",BNS physical industrial output; gross output definition,BNS industrial production 1990-2025,обрабатыв; Республика Казахстан row,786073,тонн,,,numeric_or_blank,requires_match_to_UNFCCC_activity_data,Extracted automatically; source file and product label retained
2004,to_be_mapped_after_inventory_review,"Известь гашенная, негашеная и гидравлическая, тонн",BNS physical industrial output; gross output definition,BNS industrial production 1990-2025,обрабатыв; Республика Казахстан row,858990,тонн,,,numeric_or_blank,requires_match_to_UNFCCC_activity_data,Extracted automatically; source file and product label retained
2005,to_be_mapped_after_inventory_review,"Известь гашенная, негашеная и гидравлическая, тонн",BNS physical industrial output; gross output definition,BNS industrial production 1990-2025,обрабатыв; Республика Казахстан row,993544,тонн,,,numeric_or_blank,requires_match_to_UNFCCC_activity_data,Extracted automatically; source file and product label retained
2006,to_be_mapped_after_inventory_review,"Известь гашенная, негашеная и гидравлическая, тонн",BNS physical industrial output; gross output definition,BNS industrial production 1990-2025,обрабатыв; Республика Казахстан row,988094,тонн,,,numeric_or_blank,requires_match_to_UNFCCC_activity_data,Extracted automatically; source file and product label retained
2007,to_be_mapped_after_inventory_review,"Известь гашенная, негашеная и гидравлическая, тонн",BNS physical industrial output; gross output definition,BNS industrial production 1990-2025,обрабатыв; Республика Казахстан row,1023178,тонн,,,numeric_or_blank,requires_match_to_UNFCCC_activity_data,Extracted automatically; source file and product label retained
2008,to_be_mapped_after_inventory_review,"Известь гашенная, негашеная и гидравлическая, тонн",BNS physical industrial output; gross output definition,BNS industrial production 1990-2025,обрабатыв; Республика Казахстан row,905917,тонн,,,numeric_or_blank,requires_match_to_UNFCCC_activity_data,Extracted automatically; source file and product label retained
2009,to_be_mapped_after_inventory_review,"Известь гашенная, негашеная и гидравлическая, тонн",BNS physical industrial output; gross output definition,BNS industrial production 1990-2025,обрабатыв; Республика Казахстан row,798180,тонн,,,numeric_or_blank,requires_match_to_UNFCCC_activity_data,Extracted automatically; source file and product label retained
2010,to_be_mapped_after_inventory_review,"Известь гашенная, негашеная и гидравлическая, тонн",BNS physical industrial output; gross output definition,BNS industrial production 1990-2025,обрабатыв; Республика Казахстан row,886572,тонн,,,numeric_or_blank,requires_match_to_UNFCCC_activity_data,Extracted automatically; source file and product label retained
2011,to_be_mapped_after_inventory_review,"Известь гашенная, негашеная и гидравлическая, тонн",BNS physical industrial output; gross output definition,BNS industrial production 1990-2025,обрабатыв; Республика Казахстан row,959827,тонн,,,numeric_or_blank,requires_match_to_UNFCCC_activity_data,Extracted automatically; source file and product label retained
2012,to_be_mapped_after_inventory_review,"Известь гашенная, негашеная и гидравлическая, тонн",BNS physical industrial output; gross output definition,BNS industrial production 1990-2025,обрабатыв; Республика Казахстан row,908188,тонн,,,numeric_or_blank,requires_match_to_UNFCCC_activity_data,Extracted automatically; source file and product label retained
2013,to_be_mapped_after_inventory_review,"Известь гашенная, негашеная и гидравлическая, тонн",BNS physical industrial output; gross output definition,BNS industrial production 1990-2025,обрабатыв; Республика Казахстан row,869167,тонн,,,numeric_or_blank,requires_match_to_UNFCCC_activity_data,Extracted automatically; source file and product label retained
2014,to_be_mapped_after_inventory_review,"Известь гашенная, негашеная и гидравлическая, тонн",BNS physical industrial output; gross output definition,BNS industrial production 1990-2025,обрабатыв; Республика Казахстан row,923320,тонн,,,numeric_or_blank,requires_match_to_UNFCCC_activity_data,Extracted automatically; source file and product label retained
2015,to_be_mapped_after_inventory_review,"Известь гашенная, негашеная и гидравлическая, тонн",BNS physical industrial output; gross output definition,BNS industrial production 1990-2025,обрабатыв; Республика Казахстан row,870654,тонн,,,numeric_or_blank,requires_match_to_UNFCCC_activity_data,Extracted automatically; source file and product label retained
2016,to_be_mapped_after_inventory_review,"Известь гашенная, негашеная и гидравлическая, тонн",BNS physical industrial output; gross output definition,BNS industrial production 1990-2025,обрабатыв; Республика Казахстан row,927947,тонн,,,numeric_or_blank,requires_match_to_UNFCCC_activity_data,Extracted automatically; source file and product label retained
2017,to_be_mapped_after_inventory_review,"Известь гашенная, негашеная и гидравлическая, тонн",BNS physical industrial output; gross output definition,BNS industrial production 1990-2025,обрабатыв; Республика Казахстан row,1048290,тонн,,,numeric_or_blank,requires_match_to_UNFCCC_activity_data,Extracted automatically; source file and product label retained
2018,to_be_mapped_after_inventory_review,"Известь гашенная, негашеная и гидравлическая, тонн",BNS physical industrial output; gross output definition,BNS industrial production 1990-2025,обрабатыв; Республика Казахстан row,885990,тонн,,,numeric_or_blank,requires_match_to_UNFCCC_activity_data,Extracted automatically; source file and product label retained
2019,to_be_mapped_after_inventory_review,"Известь гашенная, негашеная и гидравлическая, тонн",BNS physical industrial output; gross output definition,BNS industrial production 1990-2025,обрабатыв; Республика Казахстан row,874525,тонн,,,numeric_or_blank,requires_match_to_UNFCCC_activity_data,Extracted automatically; source file and product label retained
2020,to_be_mapped_after_inventory_review,"Известь гашенная, негашеная и гидравлическая, тонн",BNS physical industrial output; gross output definition,BNS industrial production 1990-2025,обрабатыв; Республика Казахстан row,830852,тонн,,,numeric_or_blank,requires_match_to_UNFCCC_activity_data,Extracted automatically; source file and product label retained
2021,to_be_mapped_after_inventory_review,"Известь гашенная, негашеная и гидравлическая, тонн",BNS physical industrial output; gross output definition,BNS industrial production 1990-2025,обрабатыв; Республика Казахстан row,933623,тонн,,,numeric_or_blank,requires_match_to_UNFCCC_activity_data,Extracted automatically; source file and product label retained
2022,to_be_mapped_after_inventory_review,"Известь гашенная, негашеная и гидравлическая, тонн",BNS physical industrial output; gross output definition,BNS industrial production 1990-2025,обрабатыв; Республика Казахстан row,946311,тонн,,,numeric_or_blank,requires_match_to_UNFCCC_activity_data,Extracted automatically; source file and product label retained
2023,to_be_mapped_after_inventory_review,"Известь гашенная, негашеная и гидравлическая, тонн",BNS physical industrial output; gross output definition,BNS industrial production 1990-2025,обрабатыв; Республика Казахстан row,941296,тонн,,,numeric_or_blank,requires_match_to_UNFCCC_activity_data,Extracted automatically; source file and product label retained
1990,to_be_mapped_after_inventory_review,"Ферросплавы, тонн",BNS physical industrial output; gross output definition,BNS industrial production 1990-2025,обрабатыв; Республика Казахстан row,1322925,тонн,,,numeric_or_blank,requires_match_to_UNFCCC_activity_data,Extracted automatically; source file and product label retained
1991,to_be_mapped_after_inventory_review,"Ферросплавы, тонн",BNS physical industrial output; gross output definition,BNS industrial production 1990-2025,обрабатыв; Республика Казахстан row,1191783,тонн,,,numeric_or_blank,requires_match_to_UNFCCC_activity_data,Extracted automatically; source file and product label retained
1992,to_be_mapped_after_inventory_review,"Ферросплавы, тонн",BNS physical industrial output; gross output definition,BNS industrial production 1990-2025,обрабатыв; Республика Казахстан row,1063276,тонн,,,numeric_or_blank,requires_match_to_UNFCCC_activity_data,Extracted automatically; source file and product label retained
1993,to_be_mapped_after_inventory_review,"Ферросплавы, тонн",BNS physical industrial output; gross output definition,BNS industrial production 1990-2025,обрабатыв; Республика Казахстан row,905041,тонн,,,numeric_or_blank,requires_match_to_UNFCCC_activity_data,Extracted automatically; source file and product label retained
1994,to_be_mapped_after_inventory_review,"Ферросплавы, тонн",BNS physical industrial output; gross output definition,BNS industrial production 1990-2025,обрабатыв; Республика Казахстан row,647392,тонн,,,numeric_or_blank,requires_match_to_UNFCCC_activity_data,Extracted automatically; source file and product label retained
1995,to_be_mapped_after_inventory_review,"Ферросплавы, тонн",BNS physical industrial output; gross output definition,BNS industrial production 1990-2025,обрабатыв; Республика Казахстан row,808734,тонн,,,numeric_or_blank,requires_match_to_UNFCCC_activity_data,Extracted automatically; source file and product label retained
1996,to_be_mapped_after_inventory_review,"Ферросплавы, тонн",BNS physical industrial output; gross output definition,BNS industrial production 1990-2025,обрабатыв; Республика Казахстан row,534385,тонн,,,numeric_or_blank,requires_match_to_UNFCCC_activity_data,Extracted automatically; source file and product label retained
1997,to_be_mapped_after_inventory_review,"Ферросплавы, тонн",BNS physical industrial output; gross output definition,BNS industrial production 1990-2025,обрабатыв; Республика Казахстан row,843445,тонн,,,numeric_or_blank,requires_match_to_UNFCCC_activity_data,Extracted automatically; source file and product label retained
1998,to_be_mapped_after_inventory_review,"Ферросплавы, тонн",BNS physical industrial output; gross output definition,BNS industrial production 1990-2025,обрабатыв; Республика Казахстан row,726346,тонн,,,numeric_or_blank,requires_match_to_UNFCCC_activity_data,Extracted automatically; source file and product label retained
1999,to_be_mapped_after_inventory_review,"Ферросплавы, тонн",BNS physical industrial output; gross output definition,BNS industrial production 1990-2025,обрабатыв; Республика Казахстан row,999603,тонн,,,numeric_or_blank,requires_match_to_UNFCCC_activity_data,Extracted automatically; source file and product label retained
2000,to_be_mapped_after_inventory_review,"Ферросплавы, тонн",BNS physical industrial output; gross output definition,BNS industrial production 1990-2025,обрабатыв; Республика Казахстан row,1092014,тонн,,,numeric_or_blank,requires_match_to_UNFCCC_activity_data,Extracted automatically; source file and product label retained
2001,to_be_mapped_after_inventory_review,"Ферросплавы, тонн",BNS physical industrial output; gross output definition,BNS industrial production 1990-2025,обрабатыв; Республика Казахстан row,1130050,тонн,,,numeric_or_blank,requires_match_to_UNFCCC_activity_data,Extracted automatically; source file and product label retained
2002,to_be_mapped_after_inventory_review,"Ферросплавы, тонн",BNS physical industrial output; gross output definition,BNS industrial production 1990-2025,обрабатыв; Республика Казахстан row,1235451,тонн,,,numeric_or_blank,requires_match_to_UNFCCC_activity_data,Extracted automatically; source file and product label retained
2003,to_be_mapped_after_inventory_review,"Ферросплавы, тонн",BNS physical industrial output; gross output definition,BNS industrial production 1990-2025,обрабатыв; Республика Казахстан row,1401136,тонн,,,numeric_or_blank,requires_match_to_UNFCCC_activity_data,Extracted automatically; source file and product label retained
2004,to_be_mapped_after_inventory_review,"Ферросплавы, тонн",BNS physical industrial output; gross output definition,BNS industrial production 1990-2025,обрабатыв; Республика Казахстан row,1447307,тонн,,,numeric_or_blank,requires_match_to_UNFCCC_activity_data,Extracted automatically; source file and product label retained
2005,to_be_mapped_after_inventory_review,"Ферросплавы, тонн",BNS physical industrial output; gross output definition,BNS industrial production 1990-2025,обрабатыв; Республика Казахстан row,1530064,тонн,,,numeric_or_blank,requires_match_to_UNFCCC_activity_data,Extracted automatically; source file and product label retained
2006,to_be_mapped_after_inventory_review,"Ферросплавы, тонн",BNS physical industrial output; gross output definition,BNS industrial production 1990-2025,обрабатыв; Республика Казахстан row,1614317,тонн,,,numeric_or_blank,requires_match_to_UNFCCC_activity_data,Extracted automatically; source file and product label retained
2007,to_be_mapped_after_inventory_review,"Ферросплавы, тонн",BNS physical industrial output; gross output definition,BNS industrial production 1990-2025,обрабатыв; Республика Казахстан row,1702784,тонн,,,numeric_or_blank,requires_match_to_UNFCCC_activity_data,Extracted automatically; source file and product label retained
2008,to_be_mapped_after_inventory_review,"Ферросплавы, тонн",BNS physical industrial output; gross output definition,BNS industrial production 1990-2025,обрабатыв; Республика Казахстан row,1590519,тонн,,,numeric_or_blank,requires_match_to_UNFCCC_activity_data,Extracted automatically; source file and product label retained
2009,to_be_mapped_after_inventory_review,"Ферросплавы, тонн",BNS physical industrial output; gross output definition,BNS industrial production 1990-2025,обрабатыв; Республика Казахстан row,1468794,тонн,,,numeric_or_blank,requires_match_to_UNFCCC_activity_data,Extracted automatically; source file and product label retained
2010,to_be_mapped_after_inventory_review,"Ферросплавы, тонн",BNS physical industrial output; gross output definition,BNS industrial production 1990-2025,обрабатыв; Республика Казахстан row,1701790,тонн,,,numeric_or_blank,requires_match_to_UNFCCC_activity_data,Extracted automatically; source file and product label retained
2011,to_be_mapped_after_inventory_review,"Ферросплавы, тонн",BNS physical industrial output; gross output definition,BNS industrial production 1990-2025,обрабатыв; Республика Казахстан row,1668689,тонн,,,numeric_or_blank,requires_match_to_UNFCCC_activity_data,Extracted automatically; source file and product label retained
2012,to_be_mapped_after_inventory_review,"Ферросплавы, тонн",BNS physical industrial output; gross output definition,BNS industrial production 1990-2025,обрабатыв; Республика Казахстан row,1724065,тонн,,,numeric_or_blank,requires_match_to_UNFCCC_activity_data,Extracted automatically; source file and product label retained
2013,to_be_mapped_after_inventory_review,"Ферросплавы, тонн",BNS physical industrial output; gross output definition,BNS industrial production 1990-2025,обрабатыв; Республика Казахстан row,1706931,тонн,,,numeric_or_blank,requires_match_to_UNFCCC_activity_data,Extracted automatically; source file and product label retained
2014,to_be_mapped_after_inventory_review,"Ферросплавы, тонн",BNS physical industrial output; gross output definition,BNS industrial production 1990-2025,обрабатыв; Республика Казахстан row,1715137,тонн,,,numeric_or_blank,requires_match_to_UNFCCC_activity_data,Extracted automatically; source file and product label retained
2015,to_be_mapped_after_inventory_review,"Ферросплавы, тонн",BNS physical industrial output; gross output definition,BNS industrial production 1990-2025,обрабатыв; Республика Казахстан row,1741920,тонн,,,numeric_or_blank,requires_match_to_UNFCCC_activity_data,Extracted automatically; source file and product label retained
2016,to_be_mapped_after_inventory_review,"Ферросплавы, тонн",BNS physical industrial output; gross output definition,BNS industrial production 1990-2025,обрабатыв; Республика Казахстан row,1826340,тонн,,,numeric_or_blank,requires_match_to_UNFCCC_activity_data,Extracted automatically; source file and product label retained
2017,to_be_mapped_after_inventory_review,"Ферросплавы, тонн",BNS physical industrial output; gross output definition,BNS industrial production 1990-2025,обрабатыв; Республика Казахстан row,1934774,тонн,,,numeric_or_blank,requires_match_to_UNFCCC_activity_data,Extracted automatically; source file and product label retained
2018,to_be_mapped_after_inventory_review,"Ферросплавы, тонн",BNS physical industrial output; gross output definition,BNS industrial production 1990-2025,обрабатыв; Республика Казахстан row,2088638,тонн,,,numeric_or_blank,requires_match_to_UNFCCC_activity_data,Extracted automatically; source file and product label retained
2019,to_be_mapped_after_inventory_review,"Ферросплавы, тонн",BNS physical industrial output; gross output definition,BNS industrial production 1990-2025,обрабатыв; Республика Казахстан row,2175767,тонн,,,numeric_or_blank,requires_match_to_UNFCCC_activity_data,Extracted automatically; source file and product label retained
2020,to_be_mapped_after_inventory_review,"Ферросплавы, тонн",BNS physical industrial output; gross output definition,BNS industrial production 1990-2025,обрабатыв; Республика Казахстан row,2214652,тонн,,,numeric_or_blank,requires_match_to_UNFCCC_activity_data,Extracted automatically; source file and product label retained
2021,to_be_mapped_after_inventory_review,"Ферросплавы, тонн",BNS physical industrial output; gross output definition,BNS industrial production 1990-2025,обрабатыв; Республика Казахстан row,2070038,тонн,,,numeric_or_blank,requires_match_to_UNFCCC_activity_data,Extracted automatically; source file and product label retained
2022,to_be_mapped_after_inventory_review,"Ферросплавы, тонн",BNS physical industrial output; gross output definition,BNS industrial production 1990-2025,обрабатыв; Республика Казахстан row,2121434,тонн,,,numeric_or_blank,requires_match_to_UNFCCC_activity_data,Extracted automatically; source file and product label retained
2023,to_be_mapped_after_inventory_review,"Ферросплавы, тонн",BNS physical industrial output; gross output definition,BNS industrial production 1990-2025,обрабатыв; Республика Казахстан row,2028858,тонн,,,numeric_or_blank,requires_match_to_UNFCCC_activity_data,Extracted automatically; source file and product label retained
1990,to_be_mapped_after_inventory_review,"Алюминий необработанный; оксид алюминия, тонн",BNS physical industrial output; gross output definition,BNS industrial production 1990-2025,обрабатыв; Республика Казахстан row,1052048,тонн,,,numeric_or_blank,requires_match_to_UNFCCC_activity_data,Extracted automatically; source file and product label retained
1991,to_be_mapped_after_inventory_review,"Алюминий необработанный; оксид алюминия, тонн",BNS physical industrial output; gross output definition,BNS industrial production 1990-2025,обрабатыв; Республика Казахстан row,1035200,тонн,,,numeric_or_blank,requires_match_to_UNFCCC_activity_data,Extracted automatically; source file and product label retained
1992,to_be_mapped_after_inventory_review,"Алюминий необработанный; оксид алюминия, тонн",BNS physical industrial output; gross output definition,BNS industrial production 1990-2025,обрабатыв; Республика Казахстан row,1053300,тонн,,,numeric_or_blank,requires_match_to_UNFCCC_activity_data,Extracted automatically; source file and product label retained
1993,to_be_mapped_after_inventory_review,"Алюминий необработанный; оксид алюминия, тонн",BNS physical industrial output; gross output definition,BNS industrial production 1990-2025,обрабатыв; Республика Казахстан row,1091000,тонн,,,numeric_or_blank,requires_match_to_UNFCCC_activity_data,Extracted automatically; source file and product label retained
1994,to_be_mapped_after_inventory_review,"Алюминий необработанный; оксид алюминия, тонн",BNS physical industrial output; gross output definition,BNS industrial production 1990-2025,обрабатыв; Республика Казахстан row,822297,тонн,,,numeric_or_blank,requires_match_to_UNFCCC_activity_data,Extracted automatically; source file and product label retained
1995,to_be_mapped_after_inventory_review,"Алюминий необработанный; оксид алюминия, тонн",BNS physical industrial output; gross output definition,BNS industrial production 1990-2025,обрабатыв; Республика Казахстан row,1024494,тонн,,,numeric_or_blank,requires_match_to_UNFCCC_activity_data,Extracted automatically; source file and product label retained
1996,to_be_mapped_after_inventory_review,"Алюминий необработанный; оксид алюминия, тонн",BNS physical industrial output; gross output definition,BNS industrial production 1990-2025,обрабатыв; Республика Казахстан row,1083740,тонн,,,numeric_or_blank,requires_match_to_UNFCCC_activity_data,Extracted automatically; source file and product label retained
1997,to_be_mapped_after_inventory_review,"Алюминий необработанный; оксид алюминия, тонн",BNS physical industrial output; gross output definition,BNS industrial production 1990-2025,обрабатыв; Республика Казахстан row,1094210,тонн,,,numeric_or_blank,requires_match_to_UNFCCC_activity_data,Extracted automatically; source file and product label retained
1998,to_be_mapped_after_inventory_review,"Алюминий необработанный; оксид алюминия, тонн",BNS physical industrial output; gross output definition,BNS industrial production 1990-2025,обрабатыв; Республика Казахстан row,1084943,тонн,,,numeric_or_blank,requires_match_to_UNFCCC_activity_data,Extracted automatically; source file and product label retained
1999,to_be_mapped_after_inventory_review,"Алюминий необработанный; оксид алюминия, тонн",BNS physical industrial output; gross output definition,BNS industrial production 1990-2025,обрабатыв; Республика Казахстан row,1157692,тонн,,,numeric_or_blank,requires_match_to_UNFCCC_activity_data,Extracted automatically; source file and product label retained
2000,to_be_mapped_after_inventory_review,"Алюминий необработанный; оксид алюминия, тонн",BNS physical industrial output; gross output definition,BNS industrial production 1990-2025,обрабатыв; Республика Казахстан row,1216679,тонн,,,numeric_or_blank,requires_match_to_UNFCCC_activity_data,Extracted automatically; source file and product label retained
2001,to_be_mapped_after_inventory_review,"Алюминий необработанный; оксид алюминия, тонн",BNS physical industrial output; gross output definition,BNS industrial production 1990-2025,обрабатыв; Республика Казахстан row,1231127,тонн,,,numeric_or_blank,requires_match_to_UNFCCC_activity_data,Extracted automatically; source file and product label retained
2002,to_be_mapped_after_inventory_review,"Алюминий необработанный; оксид алюминия, тонн",BNS physical industrial output; gross output definition,BNS industrial production 1990-2025,обрабатыв; Республика Казахстан row,1386457,тонн,,,numeric_or_blank,requires_match_to_UNFCCC_activity_data,Extracted automatically; source file and product label retained
2003,to_be_mapped_after_inventory_review,"Алюминий необработанный; оксид алюминия, тонн",BNS physical industrial output; gross output definition,BNS industrial production 1990-2025,обрабатыв; Республика Казахстан row,1419761,тонн,,,numeric_or_blank,requires_match_to_UNFCCC_activity_data,Extracted automatically; source file and product label retained
2004,to_be_mapped_after_inventory_review,"Алюминий необработанный; оксид алюминия, тонн",BNS physical industrial output; gross output definition,BNS industrial production 1990-2025,обрабатыв; Республика Казахстан row,1467966,тонн,,,numeric_or_blank,requires_match_to_UNFCCC_activity_data,Extracted automatically; source file and product label retained
2005,to_be_mapped_after_inventory_review,"Алюминий необработанный; оксид алюминия, тонн",BNS physical industrial output; gross output definition,BNS industrial production 1990-2025,обрабатыв; Республика Казахстан row,1505415,тонн,,,numeric_or_blank,requires_match_to_UNFCCC_activity_data,Extracted automatically; source file and product label retained
2006,to_be_mapped_after_inventory_review,"Алюминий необработанный; оксид алюминия, тонн",BNS physical industrial output; gross output definition,BNS industrial production 1990-2025,обрабатыв; Республика Казахстан row,1514749,тонн,,,numeric_or_blank,requires_match_to_UNFCCC_activity_data,Extracted automatically; source file and product label retained
2007,to_be_mapped_after_inventory_review,"Алюминий необработанный; оксид алюминия, тонн",BNS physical industrial output; gross output definition,BNS industrial production 1990-2025,обрабатыв; Республика Казахстан row,1555859,тонн,,,numeric_or_blank,requires_match_to_UNFCCC_activity_data,Extracted automatically; source file and product label retained
2008,to_be_mapped_after_inventory_review,"Алюминий необработанный; оксид алюминия, тонн",BNS physical industrial output; gross output definition,BNS industrial production 1990-2025,обрабатыв; Республика Казахстан row,1713818,тонн,,,numeric_or_blank,requires_match_to_UNFCCC_activity_data,Extracted automatically; source file and product label retained
2009,to_be_mapped_after_inventory_review,"Алюминий необработанный; оксид алюминия, тонн",BNS physical industrial output; gross output definition,BNS industrial production 1990-2025,обрабатыв; Республика Казахстан row,1735140,тонн,,,numeric_or_blank,requires_match_to_UNFCCC_activity_data,Extracted automatically; source file and product label retained
2010,to_be_mapped_after_inventory_review,"Алюминий необработанный; оксид алюминия, тонн",BNS physical industrial output; gross output definition,BNS industrial production 1990-2025,обрабатыв; Республика Казахстан row,1867309,тонн,,,numeric_or_blank,requires_match_to_UNFCCC_activity_data,Extracted automatically; source file and product label retained
2011,to_be_mapped_after_inventory_review,"Алюминий необработанный; оксид алюминия, тонн",BNS physical industrial output; gross output definition,BNS industrial production 1990-2025,обрабатыв; Республика Казахстан row,1919158,тонн,,,numeric_or_blank,requires_match_to_UNFCCC_activity_data,Extracted automatically; source file and product label retained
2012,to_be_mapped_after_inventory_review,"Алюминий необработанный; оксид алюминия, тонн",BNS physical industrial output; gross output definition,BNS industrial production 1990-2025,обрабатыв; Республика Казахстан row,1760412,тонн,,,numeric_or_blank,requires_match_to_UNFCCC_activity_data,Extracted automatically; source file and product label retained
2013,to_be_mapped_after_inventory_review,"Алюминий необработанный; оксид алюминия, тонн",BNS physical industrial output; gross output definition,BNS industrial production 1990-2025,обрабатыв; Республика Казахстан row,1840159,тонн,,,numeric_or_blank,requires_match_to_UNFCCC_activity_data,Extracted automatically; source file and product label retained
2014,to_be_mapped_after_inventory_review,"Алюминий необработанный; оксид алюминия, тонн",BNS physical industrial output; gross output definition,BNS industrial production 1990-2025,обрабатыв; Республика Казахстан row,1628252,тонн,,,numeric_or_blank,requires_match_to_UNFCCC_activity_data,Extracted automatically; source file and product label retained
2015,to_be_mapped_after_inventory_review,"Алюминий необработанный; оксид алюминия, тонн",BNS physical industrial output; gross output definition,BNS industrial production 1990-2025,обрабатыв; Республика Казахстан row,1670215,тонн,,,numeric_or_blank,requires_match_to_UNFCCC_activity_data,Extracted automatically; source file and product label retained
2016,to_be_mapped_after_inventory_review,"Алюминий необработанный; оксид алюминия, тонн",BNS physical industrial output; gross output definition,BNS industrial production 1990-2025,обрабатыв; Республика Казахстан row,1745801,тонн,,,numeric_or_blank,requires_match_to_UNFCCC_activity_data,Extracted automatically; source file and product label retained
2017,to_be_mapped_after_inventory_review,"Алюминий необработанный; оксид алюминия, тонн",BNS physical industrial output; gross output definition,BNS industrial production 1990-2025,обрабатыв; Республика Казахстан row,1771697,тонн,,,numeric_or_blank,requires_match_to_UNFCCC_activity_data,Extracted automatically; source file and product label retained
2018,to_be_mapped_after_inventory_review,"Алюминий необработанный; оксид алюминия, тонн",BNS physical industrial output; gross output definition,BNS industrial production 1990-2025,обрабатыв; Республика Казахстан row,1751472,тонн,,,numeric_or_blank,requires_match_to_UNFCCC_activity_data,Extracted automatically; source file and product label retained
2019,to_be_mapped_after_inventory_review,"Алюминий необработанный; оксид алюминия, тонн",BNS physical industrial output; gross output definition,BNS industrial production 1990-2025,обрабатыв; Республика Казахстан row,1671129,тонн,,,numeric_or_blank,requires_match_to_UNFCCC_activity_data,Extracted automatically; source file and product label retained
2020,to_be_mapped_after_inventory_review,"Алюминий необработанный; оксид алюминия, тонн",BNS physical industrial output; gross output definition,BNS industrial production 1990-2025,обрабатыв; Республика Казахстан row,1664949,тонн,,,numeric_or_blank,requires_match_to_UNFCCC_activity_data,Extracted automatically; source file and product label retained
2021,to_be_mapped_after_inventory_review,"Алюминий необработанный; оксид алюминия, тонн",BNS physical industrial output; gross output definition,BNS industrial production 1990-2025,обрабатыв; Республика Казахстан row,1594033,тонн,,,numeric_or_blank,requires_match_to_UNFCCC_activity_data,Extracted automatically; source file and product label retained
2022,to_be_mapped_after_inventory_review,"Алюминий необработанный; оксид алюминия, тонн",BNS physical industrial output; gross output definition,BNS industrial production 1990-2025,обрабатыв; Республика Казахстан row,1599682,тонн,,,numeric_or_blank,requires_match_to_UNFCCC_activity_data,Extracted automatically; source file and product label retained
2023,to_be_mapped_after_inventory_review,"Алюминий необработанный; оксид алюминия, тонн",BNS physical industrial output; gross output definition,BNS industrial production 1990-2025,обрабатыв; Республика Казахстан row,1685183,тонн,,,numeric_or_blank,requires_match_to_UNFCCC_activity_data,Extracted automatically; source file and product label retained
1990,to_be_mapped_after_inventory_review,"Цинк необработанный, тонн",BNS physical industrial output; gross output definition,BNS industrial production 1990-2025,обрабатыв; Республика Казахстан row,314912,тонн,,,numeric_or_blank,requires_match_to_UNFCCC_activity_data,Extracted automatically; source file and product label retained
1991,to_be_mapped_after_inventory_review,"Цинк необработанный, тонн",BNS physical industrial output; gross output definition,BNS industrial production 1990-2025,обрабатыв; Республика Казахстан row,263254,тонн,,,numeric_or_blank,requires_match_to_UNFCCC_activity_data,Extracted automatically; source file and product label retained
1992,to_be_mapped_after_inventory_review,"Цинк необработанный, тонн",BNS physical industrial output; gross output definition,BNS industrial production 1990-2025,обрабатыв; Республика Казахстан row,231538,тонн,,,numeric_or_blank,requires_match_to_UNFCCC_activity_data,Extracted automatically; source file and product label retained
1993,to_be_mapped_after_inventory_review,"Цинк необработанный, тонн",BNS physical industrial output; gross output definition,BNS industrial production 1990-2025,обрабатыв; Республика Казахстан row,238547,тонн,,,numeric_or_blank,requires_match_to_UNFCCC_activity_data,Extracted automatically; source file and product label retained
1994,to_be_mapped_after_inventory_review,"Цинк необработанный, тонн",BNS physical industrial output; gross output definition,BNS industrial production 1990-2025,обрабатыв; Республика Казахстан row,172531,тонн,,,numeric_or_blank,requires_match_to_UNFCCC_activity_data,Extracted automatically; source file and product label retained
1995,to_be_mapped_after_inventory_review,"Цинк необработанный, тонн",BNS physical industrial output; gross output definition,BNS industrial production 1990-2025,обрабатыв; Республика Казахстан row,169171,тонн,,,numeric_or_blank,requires_match_to_UNFCCC_activity_data,Extracted automatically; source file and product label retained
1996,to_be_mapped_after_inventory_review,"Цинк необработанный, тонн",BNS physical industrial output; gross output definition,BNS industrial production 1990-2025,обрабатыв; Республика Казахстан row,170081,тонн,,,numeric_or_blank,requires_match_to_UNFCCC_activity_data,Extracted automatically; source file and product label retained
1997,to_be_mapped_after_inventory_review,"Цинк необработанный, тонн",BNS physical industrial output; gross output definition,BNS industrial production 1990-2025,обрабатыв; Республика Казахстан row,188996,тонн,,,numeric_or_blank,requires_match_to_UNFCCC_activity_data,Extracted automatically; source file and product label retained
1998,to_be_mapped_after_inventory_review,"Цинк необработанный, тонн",BNS physical industrial output; gross output definition,BNS industrial production 1990-2025,обрабатыв; Республика Казахстан row,240728,тонн,,,numeric_or_blank,requires_match_to_UNFCCC_activity_data,Extracted automatically; source file and product label retained
1999,to_be_mapped_after_inventory_review,"Цинк необработанный, тонн",BNS physical industrial output; gross output definition,BNS industrial production 1990-2025,обрабатыв; Республика Казахстан row,248754,тонн,,,numeric_or_blank,requires_match_to_UNFCCC_activity_data,Extracted automatically; source file and product label retained
2000,to_be_mapped_after_inventory_review,"Цинк необработанный, тонн",BNS physical industrial output; gross output definition,BNS industrial production 1990-2025,обрабатыв; Республика Казахстан row,262570,тонн,,,numeric_or_blank,requires_match_to_UNFCCC_activity_data,Extracted automatically; source file and product label retained
2001,to_be_mapped_after_inventory_review,"Цинк необработанный, тонн",BNS physical industrial output; gross output definition,BNS industrial production 1990-2025,обрабатыв; Республика Казахстан row,277073,тонн,,,numeric_or_blank,requires_match_to_UNFCCC_activity_data,Extracted automatically; source file and product label retained
2002,to_be_mapped_after_inventory_review,"Цинк необработанный, тонн",BNS physical industrial output; gross output definition,BNS industrial production 1990-2025,обрабатыв; Республика Казахстан row,286454,тонн,,,numeric_or_blank,requires_match_to_UNFCCC_activity_data,Extracted automatically; source file and product label retained
2003,to_be_mapped_after_inventory_review,"Цинк необработанный, тонн",BNS physical industrial output; gross output definition,BNS industrial production 1990-2025,обрабатыв; Республика Казахстан row,294566,тонн,,,numeric_or_blank,requires_match_to_UNFCCC_activity_data,Extracted automatically; source file and product label retained
2004,to_be_mapped_after_inventory_review,"Цинк необработанный, тонн",BNS physical industrial output; gross output definition,BNS industrial production 1990-2025,обрабатыв; Республика Казахстан row,316731,тонн,,,numeric_or_blank,requires_match_to_UNFCCC_activity_data,Extracted automatically; source file and product label retained
2005,to_be_mapped_after_inventory_review,"Цинк необработанный, тонн",BNS physical industrial output; gross output definition,BNS industrial production 1990-2025,обрабатыв; Республика Казахстан row,357090,тонн,,,numeric_or_blank,requires_match_to_UNFCCC_activity_data,Extracted automatically; source file and product label retained
2006,to_be_mapped_after_inventory_review,"Цинк необработанный, тонн",BNS physical industrial output; gross output definition,BNS industrial production 1990-2025,обрабатыв; Республика Казахстан row,364821,тонн,,,numeric_or_blank,requires_match_to_UNFCCC_activity_data,Extracted automatically; source file and product label retained
2007,to_be_mapped_after_inventory_review,"Цинк необработанный, тонн",BNS physical industrial output; gross output definition,BNS industrial production 1990-2025,обрабатыв; Республика Казахстан row,358226,тонн,,,numeric_or_blank,requires_match_to_UNFCCC_activity_data,Extracted automatically; source file and product label retained
2008,to_be_mapped_after_inventory_review,"Цинк необработанный, тонн",BNS physical industrial output; gross output definition,BNS industrial production 1990-2025,обрабатыв; Республика Казахстан row,365572,тонн,,,numeric_or_blank,requires_match_to_UNFCCC_activity_data,Extracted automatically; source file and product label retained
2009,to_be_mapped_after_inventory_review,"Цинк необработанный, тонн",BNS physical industrial output; gross output definition,BNS industrial production 1990-2025,обрабатыв; Республика Казахстан row,327873,тонн,,,numeric_or_blank,requires_match_to_UNFCCC_activity_data,Extracted automatically; source file and product label retained
2010,to_be_mapped_after_inventory_review,"Цинк необработанный, тонн",BNS physical industrial output; gross output definition,BNS industrial production 1990-2025,обрабатыв; Республика Казахстан row,318858,тонн,,,numeric_or_blank,requires_match_to_UNFCCC_activity_data,Extracted automatically; source file and product label retained
2011,to_be_mapped_after_inventory_review,"Цинк необработанный, тонн",BNS physical industrial output; gross output definition,BNS industrial production 1990-2025,обрабатыв; Республика Казахстан row,319847,тонн,,,numeric_or_blank,requires_match_to_UNFCCC_activity_data,Extracted automatically; source file and product label retained
2012,to_be_mapped_after_inventory_review,"Цинк необработанный, тонн",BNS physical industrial output; gross output definition,BNS industrial production 1990-2025,обрабатыв; Республика Казахстан row,319847,тонн,,,numeric_or_blank,requires_match_to_UNFCCC_activity_data,Extracted automatically; source file and product label retained
2013,to_be_mapped_after_inventory_review,"Цинк необработанный, тонн",BNS physical industrial output; gross output definition,BNS industrial production 1990-2025,обрабатыв; Республика Казахстан row,320150,тонн,,,numeric_or_blank,requires_match_to_UNFCCC_activity_data,Extracted automatically; source file and product label retained
2014,to_be_mapped_after_inventory_review,"Цинк необработанный, тонн",BNS physical industrial output; gross output definition,BNS industrial production 1990-2025,обрабатыв; Республика Казахстан row,324946,тонн,,,numeric_or_blank,requires_match_to_UNFCCC_activity_data,Extracted automatically; source file and product label retained
2015,to_be_mapped_after_inventory_review,"Цинк необработанный, тонн",BNS physical industrial output; gross output definition,BNS industrial production 1990-2025,обрабатыв; Республика Казахстан row,323848,тонн,,,numeric_or_blank,requires_match_to_UNFCCC_activity_data,Extracted automatically; source file and product label retained
2016,to_be_mapped_after_inventory_review,"Цинк необработанный, тонн",BNS physical industrial output; gross output definition,BNS industrial production 1990-2025,обрабатыв; Республика Казахстан row,325820,тонн,,,numeric_or_blank,requires_match_to_UNFCCC_activity_data,Extracted automatically; source file and product label retained
2017,to_be_mapped_after_inventory_review,"Цинк необработанный, тонн",BNS physical industrial output; gross output definition,BNS industrial production 1990-2025,обрабатыв; Республика Казахстан row,331018,тонн,,,numeric_or_blank,requires_match_to_UNFCCC_activity_data,Extracted automatically; source file and product label retained
2018,to_be_mapped_after_inventory_review,"Цинк необработанный, тонн",BNS physical industrial output; gross output definition,BNS industrial production 1990-2025,обрабатыв; Республика Казахстан row,317965,тонн,,,numeric_or_blank,requires_match_to_UNFCCC_activity_data,Extracted automatically; source file and product label retained
2019,to_be_mapped_after_inventory_review,"Цинк необработанный, тонн",BNS physical industrial output; gross output definition,BNS industrial production 1990-2025,обрабатыв; Республика Казахстан row,318399,тонн,,,numeric_or_blank,requires_match_to_UNFCCC_activity_data,Extracted automatically; source file and product label retained
2020,to_be_mapped_after_inventory_review,"Цинк необработанный, тонн",BNS physical industrial output; gross output definition,BNS industrial production 1990-2025,обрабатыв; Республика Казахстан row,311322,тонн,,,numeric_or_blank,requires_match_to_UNFCCC_activity_data,Extracted automatically; source file and product label retained
2021,to_be_mapped_after_inventory_review,"Цинк необработанный, тонн",BNS physical industrial output; gross output definition,BNS industrial production 1990-2025,обрабатыв; Республика Казахстан row,300886,тонн,,,numeric_or_blank,requires_match_to_UNFCCC_activity_data,Extracted automatically; source file and product label retained
2022,to_be_mapped_after_inventory_review,"Цинк необработанный, тонн",BNS physical industrial output; gross output definition,BNS industrial production 1990-2025,обрабатыв; Республика Казахстан row,266203,тонн,,,numeric_or_blank,requires_match_to_UNFCCC_activity_data,Extracted automatically; source file and product label retained
2023,to_be_mapped_after_inventory_review,"Цинк необработанный, тонн",BNS physical industrial output; gross output definition,BNS industrial production 1990-2025,обрабатыв; Республика Казахстан row,271501,тонн,,,numeric_or_blank,requires_match_to_UNFCCC_activity_data,Extracted automatically; source file and product label retained
