inventory_year,category_code,category_label,crf_2023_total_ghg_kt_co2eq_ar4,crt_2025_total_ghg_kt_co2eq_ar5,total_difference_crt_minus_crf_kt_co2eq,total_difference_percent_of_crf,crf_2023_co2_kt,crt_2025_co2_kt,co2_difference_crt_minus_crf_kt,co2_difference_percent_of_crf,interpretation_note
1990,2,Total industrial processes,22737.3994337376,22741.283086653988,3.88365291638911,0.01708046220372314,22705.0464337376,22705.045906653988,-0.0005270836118143052,-2.321438158484044e-06,Total CO2eq comparison combines CRF AR4 and CRT AR5 GWP frameworks; CO2-only difference is less affected by GWP changes.
1991,2,Total industrial processes,21713.79541542616,21717.253075386285,3.457659960124147,0.0159237935790245,21685.02141542616,21685.022219386286,0.0008039601270866115,3.7074444690872894e-06,Total CO2eq comparison combines CRF AR4 and CRT AR5 GWP frameworks; CO2-only difference is less affected by GWP changes.
1992,2,Total industrial processes,19795.8528310336,19798.78352403571,2.9306930021084554,0.01480458067213988,19771.3828310336,19771.38320003571,0.0003690021112561226,1.8663444757992786e-06,Total CO2eq comparison combines CRF AR4 and CRT AR5 GWP frameworks; CO2-only difference is less affected by GWP changes.
1993,2,Total industrial processes,16820.649694447013,16822.87243073113,2.2227362841185823,0.013214330745217126,16801.40567891176,16801.403091153632,-0.002587758128356654,-1.5402033483452352e-05,Total CO2eq comparison combines CRF AR4 and CRT AR5 GWP frameworks; CO2-only difference is less affected by GWP changes.
1994,2,Total industrial processes,12685.1683157228,12686.477154501561,1.3088387787611282,0.01031786686770936,12672.0352931904,12672.03157801756,-0.0037151728392927907,-2.93178858276162e-05,Total CO2eq comparison combines CRF AR4 and CRT AR5 GWP frameworks; CO2-only difference is less affected by GWP changes.
1995,2,Total industrial processes,13990.0875296897,13991.216058472983,1.1285287832834001,0.008066631326562051,13973.4778316224,13973.480066317663,0.002234695262814057,1.599240568269178e-05,Total CO2eq comparison combines CRF AR4 and CRT AR5 GWP frameworks; CO2-only difference is less affected by GWP changes.
1996,2,Total industrial processes,12257.187612233201,12257.786189204246,0.5985769710441673,0.004883477270485456,12243.128616,12243.130328287125,0.0017122871249739546,1.3985699069894951e-05,Total CO2eq comparison combines CRF AR4 and CRT AR5 GWP frameworks; CO2-only difference is less affected by GWP changes.
1997,2,Total industrial processes,15771.2791502248,15771.825209539189,0.5460593143889128,0.003462365412390341,15751.8148485184,15751.815392957269,0.0005444388698379043,3.4563564584376364e-06,Total CO2eq comparison combines CRF AR4 and CRT AR5 GWP frameworks; CO2-only difference is less affected by GWP changes.
1998,2,Total industrial processes,16338.771181481181,16335.101079357979,-3.670102123202014,-0.02246253455928075,16229.595,16229.601473248806,0.006473248806287302,3.9885461136197805e-05,Total CO2eq comparison combines CRF AR4 and CRT AR5 GWP frameworks; CO2-only difference is less affected by GWP changes.
1999,2,Total industrial processes,16797.095001783266,16792.82805740674,-4.266944376526226,-0.025402871008785896,16654.57631,16654.60436755909,0.02805755909139407,0.00016846756452487663,Total CO2eq comparison combines CRF AR4 and CRT AR5 GWP frameworks; CO2-only difference is less affected by GWP changes.
2000,2,Total industrial processes,17341.3192186344,17329.50679487074,-11.812423763658444,-0.06811721539019482,17056.0138,17056.47004162112,0.45624162111926125,0.0026749604360619197,Total CO2eq comparison combines CRF AR4 and CRT AR5 GWP frameworks; CO2-only difference is less affected by GWP changes.
2001,2,Total industrial processes,18159.778136515906,18148.100494483006,-11.677642032900621,-0.06430498184016398,17851.311617,17851.94487018023,0.633253180229076,0.003547376203023771,Total CO2eq comparison combines CRF AR4 and CRT AR5 GWP frameworks; CO2-only difference is less affected by GWP changes.
2002,2,Total industrial processes,18413.38495495422,18401.68102173776,-11.703933216460428,-0.06356209488419684,18063.260832,18063.9940409496,0.7332089496012486,0.004059117323392303,Total CO2eq comparison combines CRF AR4 and CRT AR5 GWP frameworks; CO2-only difference is less affected by GWP changes.
2003,2,Total industrial processes,20194.539903860394,20188.65450453328,-5.88539932711501,-0.02914351777823844,19718.909021,19731.234858365806,12.325837365806365,0.06250770442056276,Total CO2eq comparison combines CRF AR4 and CRT AR5 GWP frameworks; CO2-only difference is less affected by GWP changes.
2004,2,Total industrial processes,20326.220923775436,20310.169592705417,-16.051331070018932,-0.07896859495039633,19725.332123,19735.023403917316,9.691280917315453,0.04913114190870982,Total CO2eq comparison combines CRF AR4 and CRT AR5 GWP frameworks; CO2-only difference is less affected by GWP changes.
2005,2,Total industrial processes,20853.667869088484,20823.642113463007,-30.02575562547645,-0.14398309119511685,20196.228939,20198.65775540358,2.4288164035788213,0.012026088686728277,Total CO2eq comparison combines CRF AR4 and CRT AR5 GWP frameworks; CO2-only difference is less affected by GWP changes.
2006,2,Total industrial processes,22444.70432178409,22384.087023837237,-60.617297946853796,-0.2700739429568722,21520.208652,21529.57300809889,9.364356098889402,0.04351424398489332,Total CO2eq comparison combines CRF AR4 and CRT AR5 GWP frameworks; CO2-only difference is less affected by GWP changes.
2007,2,Total industrial processes,23387.307217846042,23316.620609139765,-70.68660870627718,-0.3022434692795188,22276.254011,22289.36083898128,13.106827981278911,0.05883766621985352,Total CO2eq comparison combines CRF AR4 and CRT AR5 GWP frameworks; CO2-only difference is less affected by GWP changes.
2008,2,Total industrial processes,21813.78275233552,21662.437363080782,-151.3453892547368,-0.6938062553067869,20216.49436,20242.110131063408,25.61577106340701,0.12670728469170164,Total CO2eq comparison combines CRF AR4 and CRT AR5 GWP frameworks; CO2-only difference is less affected by GWP changes.
2009,2,Total industrial processes,21299.45065541538,21250.494472695736,-48.95618271964486,-0.22984716137360922,19783.686788,19922.22985844689,138.54307044689267,0.7002894451954598,Total CO2eq comparison combines CRF AR4 and CRT AR5 GWP frameworks; CO2-only difference is less affected by GWP changes.
2010,2,Total industrial processes,20182.937911989484,20107.659619177353,-75.27829281213053,-0.37297985625478325,18381.89753,18532.087885167464,150.1903551674659,0.8170557741514398,Total CO2eq comparison combines CRF AR4 and CRT AR5 GWP frameworks; CO2-only difference is less affected by GWP changes.
2011,2,Total industrial processes,21131.871145785153,21089.247746167486,-42.62339961766702,-0.2017019663030098,19316.297643,19506.918817482878,190.62117448287609,0.9868411535476361,Total CO2eq comparison combines CRF AR4 and CRT AR5 GWP frameworks; CO2-only difference is less affected by GWP changes.
2012,2,Total industrial processes,21364.767219098652,21033.20541148471,-331.56180761394353,-1.5519092916563573,19468.382122,19370.15867457854,-98.22344742146015,-0.5045280435011803,Total CO2eq comparison combines CRF AR4 and CRT AR5 GWP frameworks; CO2-only difference is less affected by GWP changes.
2013,2,Total industrial processes,23654.62395987938,23247.825248953723,-406.79871092565736,-1.7197428782449846,21977.734927,21793.296817622646,-184.43810937735543,-0.8392043583652938,Total CO2eq comparison combines CRF AR4 and CRT AR5 GWP frameworks; CO2-only difference is less affected by GWP changes.
2014,2,Total industrial processes,24135.948044489156,23933.900702003815,-202.04734248534078,-0.8371220476316582,22142.406557000002,22184.720328701344,42.313771701341466,0.19109834151231667,Total CO2eq comparison combines CRF AR4 and CRT AR5 GWP frameworks; CO2-only difference is less affected by GWP changes.
2015,2,Total industrial processes,25774.753876220144,24772.261188125893,-1002.4926880942512,-3.8894365118231202,23688.604432,22953.816082567486,-734.7883494325142,-3.101864238316706,Total CO2eq comparison combines CRF AR4 and CRT AR5 GWP frameworks; CO2-only difference is less affected by GWP changes.
2016,2,Total industrial processes,24840.586086499654,24701.909312966516,-138.67677353313775,-0.558266914678417,22682.060488,22821.715923705055,139.65543570505542,0.6157087702809914,Total CO2eq comparison combines CRF AR4 and CRT AR5 GWP frameworks; CO2-only difference is less affected by GWP changes.
2017,2,Total industrial processes,25563.97102930384,25360.540698794026,-203.43033050981467,-0.7957696802137022,23292.056328000002,23349.690384934227,57.634056934224645,0.24744082756206118,Total CO2eq comparison combines CRF AR4 and CRT AR5 GWP frameworks; CO2-only difference is less affected by GWP changes.
2018,2,Total industrial processes,24535.750361087517,24456.933960853097,-78.81640023442014,-0.32123085324269945,22075.069827,22251.111601417102,176.04177441710272,0.797468709257654,Total CO2eq comparison combines CRF AR4 and CRT AR5 GWP frameworks; CO2-only difference is less affected by GWP changes.
2019,2,Total industrial processes,25792.763275622267,25705.35103763811,-87.4122379841574,-0.3389021837252082,23314.516086,23467.091471240386,152.57538524038682,0.6544222692745741,Total CO2eq comparison combines CRF AR4 and CRT AR5 GWP frameworks; CO2-only difference is less affected by GWP changes.
2020,2,Total industrial processes,27031.37045506539,26999.455690006787,-31.914765058601915,-0.11806565675852158,24281.689089,24493.382077415565,211.6929884155652,0.8718215097790111,Total CO2eq comparison combines CRF AR4 and CRT AR5 GWP frameworks; CO2-only difference is less affected by GWP changes.
2021,2,Total industrial processes,27083.91639987852,26553.65214594794,-530.264253930578,-1.9578566338100067,24125.853823,23828.78038507106,-297.07343792894244,-1.2313489093833943,Total CO2eq comparison combines CRF AR4 and CRT AR5 GWP frameworks; CO2-only difference is less affected by GWP changes.
