inventory_year,category_code,category_label,emissions_kt_co2eq_ar5,share_of_total_ippu_percent
1990,2.A,2.A Mineral industry,2901.7582241376,12.759870289994913
1990,2.B,2.B Chemical industry,1270.4181296497866,5.586396004169824
1990,2.C,2.C Metal industry,18566.748673906604,81.64336463848312
1990,2.D,2.D Fuel / solvent use,2.358058960000054,0.01036906735215794
1990,2.E,2.E Electronics,0.0,0.0
1990,2.F,2.F F-gases,0.0,0.0
1990,2.G,2.G Other product use,0.0,0.0
1990,2.H,2.H Other,0.0,0.0
1991,2.A,2.A Mineral industry,2525.16836912616,11.627475907568227
1991,2.B,2.B Chemical industry,1203.3772746903999,5.541111808722593
1991,2.C,2.C Metal industry,17986.467313649726,82.82109736076647
1991,2.D,2.D Fuel / solvent use,2.2401179200001073,0.010314922942713198
1991,2.E,2.E Electronics,0.0,0.0
1991,2.F,2.F F-gases,0.0,0.0
1991,2.G,2.G Other product use,0.0,0.0
1991,2.H,2.H Other,0.0,0.0
1992,2.A,2.A Mineral industry,2246.2593672335997,11.345441322223875
1992,2.B,2.B Chemical industry,845.9010324286132,4.2724899305136095
1992,2.C,2.C Metal industry,16704.492947493494,84.37130961715023
1992,2.D,2.D Fuel / solvent use,2.130176880000161,0.010759130112282543
1992,2.E,2.E Electronics,0.0,0.0
1992,2.F,2.F F-gases,0.0,0.0
1992,2.G,2.G Other product use,0.0,0.0
1992,2.H,2.H Other,0.0,0.0
1993,2.A,2.A Mineral industry,1677.11288921176,9.969242150039127
1993,2.B,2.B Chemical industry,379.11324136392,2.2535583202270266
1993,2.C,2.C Metal industry,14764.301904737948,87.76326376800732
1993,2.D,2.D Fuel / solvent use,2.004835840000214,0.011917321778758105
1993,2.E,2.E Electronics,0.0,0.0
1993,2.F,2.F F-gases,0.33955957749999993,0.002018439947744658
1993,2.G,2.G Other product use,0.0,0.0
1993,2.H,2.H Other,0.0,0.0
1994,2.A,2.A Mineral industry,1194.9039167904,9.418721227637338
1994,2.B,2.B Chemical industry,171.00452165458668,1.3479275576034038
1994,2.C,2.C Metal industry,11317.547400772573,89.20953597237789
1994,2.D,2.D Fuel / solvent use,1.886294800000268,0.014868546855270623
1994,2.E,2.E Electronics,0.0,0.0
1994,2.F,2.F F-gases,1.135020484,0.008946695526088257
1994,2.G,2.G Other product use,0.0,0.0
1994,2.H,2.H Other,0.0,0.0
1995,2.A,2.A Mineral industry,1228.0758923224,8.777477863181778
1995,2.B,2.B Chemical industry,228.27980123989335,1.6315937105527627
1995,2.C,2.C Metal industry,12529.02908299537,89.54925026268805
1995,2.D,2.D Fuel / solvent use,1.7113537600003217,0.012231629851530581
1995,2.E,2.E Electronics,0.0,0.0
1995,2.F,2.F F-gases,4.11992815532,0.02944653372588725
1995,2.G,2.G Other product use,0.0,0.0
1995,2.H,2.H Other,0.0,0.0
1996,2.A,2.A Mineral industry,1084.9649060000002,8.851230468969652
1996,2.B,2.B Chemical industry,274.90115562213333,2.2426656117092825
1996,2.C,2.C Metal industry,10891.046177944992,88.85002568846423
1996,2.D,2.D Fuel / solvent use,1.5934127200003751,0.012999188396708498
1996,2.E,2.E Electronics,0.0,0.0
1996,2.F,2.F F-gases,5.28053691712,0.043079042460136135
1996,2.G,2.G Other product use,0.0,0.0
1996,2.H,2.H Other,0.0,0.0
1997,2.A,2.A Mineral industry,1117.2325514184001,7.083723897362687
1997,2.B,2.B Chemical industry,176.90166851224004,1.12163092198895
1997,2.C,2.C Metal industry,14467.577697346629,91.73052265755697
1997,2.D,2.D Fuel / solvent use,1.4744716800004287,0.009348770103720348
1997,2.E,2.E Electronics,0.0,0.0
1997,2.F,2.F F-gases,8.638820581920001,0.05477375298766962
1997,2.G,2.G Other product use,0.0,0.0
1997,2.H,2.H Other,0.0,0.0
1998,2.A,2.A Mineral industry,1628.5659901,9.9697331665609
1998,2.B,2.B Chemical industry,28.655411286879996,0.17542230775107176
1998,2.C,2.C Metal industry,14581.893169221927,89.26723561967111
1998,2.D,2.D Fuel / solvent use,1.3565306400004824,0.008304390853844648
1998,2.E,2.E Electronics,0.0,0.0
1998,2.F,2.F F-gases,94.62997810917369,0.5793045151630793
1998,2.G,2.G Other product use,0.0,0.0
1998,2.H,2.H Other,0.0,0.0
1999,2.A,2.A Mineral industry,1863.4961366999999,11.096976223001793
1999,2.B,2.B Chemical industry,33.322346327710136,0.19843201046182807
1999,2.C,2.C Metal industry,14769.85628293138,87.95335861500054
1999,2.D,2.D Fuel / solvent use,1.238589600000536,0.0073757058416032365
1999,2.E,2.E Electronics,0.0,0.0
1999,2.F,2.F F-gases,124.91470184764607,0.7438574456942081
1999,2.G,2.G Other product use,0.0,0.0
1999,2.H,2.H Other,0.0,0.0
2000,2.A,2.A Mineral industry,1689.62514206,9.749989783668294
2000,2.B,2.B Chemical industry,27.558366898681598,0.1590256850635728
2000,2.C,2.C Metal industry,15351.940008102438,88.58844160900395
2000,2.D,2.D Fuel / solvent use,1.1206485600005898,0.006466707756116199
2000,2.E,2.E Electronics,0.0,0.0
2000,2.F,2.F F-gases,259.2626292496205,1.4960762145080675
2000,2.G,2.G Other product use,0.0,0.0
2000,2.H,2.H Other,0.0,0.0
2001,2.A,2.A Mineral industry,2387.9090535999994,13.157900763916974
2001,2.B,2.B Chemical industry,51.461133933740264,0.2835620948285159
2001,2.C,2.C Metal industry,15426.394687126489,85.00280617145629
2001,2.D,2.D Fuel / solvent use,0.4727075200006432,0.0026047217456413446
2001,2.E,2.E Electronics,0.0,0.0
2001,2.F,2.F F-gases,281.8629123027776,1.553126248052591
2001,2.G,2.G Other product use,0.0,0.0
2001,2.H,2.H Other,0.0,0.0
2002,2.A,2.A Mineral industry,3058.49385462,16.6207307419742
2002,2.B,2.B Chemical industry,55.93771881146667,0.3039815696478375
2002,2.C,2.C Metal industry,14962.848137038134,81.312398141032
2002,2.D,2.D Fuel / solvent use,0.5907664800006968,0.003210394090098774
2002,2.E,2.E Electronics,0.0,0.0
2002,2.F,2.F F-gases,323.810544788162,1.7596791532558749
2002,2.G,2.G Other product use,0.0,0.0
2002,2.H,2.H Other,0.0,0.0
2003,2.A,2.A Mineral industry,3635.2698947,18.006499115053533
2003,2.B,2.B Chemical industry,114.65175472426668,0.5679019109397414
2003,2.C,2.C Metal industry,15995.506443501537,79.23017574009111
2003,2.D,2.D Fuel / solvent use,0.4135254400007504,0.002048306091462881
2003,2.E,2.E Electronics,0.0,0.0
2003,2.F,2.F F-gases,442.8128861674747,2.1933749278241543
2003,2.G,2.G Other product use,0.0,0.0
2003,2.H,2.H Other,0.0,0.0
2004,2.A,2.A Mineral industry,3396.3832749000007,16.722574665845443
2004,2.B,2.B Chemical industry,117.17225788160266,0.5769142268693126
2004,2.C,2.C Metal industry,16234.539946735713,79.93305950811211
2004,2.D,2.D Fuel / solvent use,1.356884400000804,0.00668081275150032
2004,2.E,2.E Electronics,0.0,0.0
2004,2.F,2.F F-gases,560.7172287881007,2.760770786421633
2004,2.G,2.G Other product use,0.0,0.0
2004,2.H,2.H Other,0.0,0.0
2005,2.A,2.A Mineral industry,4462.53059232,21.430115673352176
2005,2.B,2.B Chemical industry,54.94832067379626,0.2638746880800011
2005,2.C,2.C Metal industry,15693.130475049782,75.36208310506728
2005,2.D,2.D Fuel / solvent use,1.6519433600008577,0.007933018398029588
2005,2.E,2.E Electronics,0.0,0.0
2005,2.F,2.F F-gases,609.6652820594284,2.927755282853543
2005,2.G,2.G Other product use,1.7155,0.00823823224896324
2005,2.H,2.H Other,0.0,0.0
2006,2.A,2.A Mineral industry,5353.94189998,23.91851807169301
2006,2.B,2.B Chemical industry,121.09128442421334,0.5409703969398482
2006,2.C,2.C Metal industry,16085.900458374677,71.86310722096684
2006,2.D,2.D Fuel / solvent use,0.9410023200009111,0.004203889660537953
2006,2.E,2.E Electronics,0.0,0.0
2006,2.F,2.F F-gases,820.4733787383439,3.6654315088420013
2006,2.G,2.G Other product use,1.7389999999999999,0.007768911897760699
2006,2.H,2.H Other,0.0,0.0
2007,2.A,2.A Mineral industry,4868.60213685,20.880393511834992
2007,2.B,2.B Chemical industry,403.08493562743996,1.72874509726095
2007,2.C,2.C Metal industry,17164.539643833796,73.61504023917408
2007,2.D,2.D Fuel / solvent use,0.815731600044756,0.003498498404717369
2007,2.E,2.E Electronics,0.0,0.0
2007,2.F,2.F F-gases,877.8391612284817,3.7648644541755845
2007,2.G,2.G Other product use,1.7389999999999999,0.0074581991496586696
2007,2.H,2.H Other,0.0,0.0
2008,2.A,2.A Mineral industry,5433.572541009999,25.08292326453725
2008,2.B,2.B Chemical industry,410.309,1.894103572570685
2008,2.C,2.C Metal industry,14916.393891453397,68.85833593626613
2008,2.D,2.D Fuel / solvent use,0.781329600013936,0.0036068406657948533
2008,2.E,2.E Electronics,0.0,0.0
2008,2.F,2.F F-gases,899.6181010173739,4.152894182399761
2008,2.G,2.G Other product use,1.7625,0.008136203560379696
2008,2.H,2.H Other,0.0,0.0
2009,2.A,2.A Mineral industry,4513.6056950600005,21.240003148441684
2009,2.B,2.B Chemical industry,305.72210968,1.4386588042589559
2009,2.C,2.C Metal industry,15255.683159406854,71.78977966375571
2009,2.D,2.D Fuel / solvent use,248.98379280003644,1.1716611729668214
2009,2.E,2.E Electronics,0.0,0.0
2009,2.F,2.F F-gases,924.7137157488414,4.351492700261561
2009,2.G,2.G Other product use,1.786,0.008404510315253086
2009,2.H,2.H Other,0.0,0.0
2010,2.A,2.A Mineral industry,4145.274046279999,20.61539793684647
2010,2.B,2.B Chemical industry,348.37406112146664,1.732544053954497
2010,2.C,2.C Metal industry,14437.587432712433,71.8014314253799
2010,2.D,2.D Fuel / solvent use,255.11105175356502,1.2687257323087815
2010,2.E,2.E Electronics,0.0,0.0
2010,2.F,2.F F-gases,919.52702730989,4.573018664155753
2010,2.G,2.G Other product use,1.786,0.008882187354597108
2010,2.H,2.H Other,0.0,0.0
2011,2.A,2.A Mineral industry,4370.027177517,20.721588698255765
2011,2.B,2.B Chemical industry,428.5116849476133,2.0318964910708397
2011,2.C,2.C Metal industry,15012.51705149388,71.18564508410253
2011,2.D,2.D Fuel / solvent use,298.61085513938514,1.4159388648352864
2011,2.E,2.E Electronics,0.0,0.0
2011,2.F,2.F F-gases,977.7714770696119,4.636350660005408
2011,2.G,2.G Other product use,1.8095,0.008580201730186594
2011,2.H,2.H Other,0.0,0.0
2012,2.A,2.A Mineral industry,4815.229281737,22.893463870741034
2012,2.B,2.B Chemical industry,322.8723981076266,1.5350603571404737
2012,2.C,2.C Metal industry,14522.281916679654,69.04454947580216
2012,2.D,2.D Fuel / solvent use,281.8132383542592,1.3398492186092636
2012,2.E,2.E Electronics,0.0,0.0
2012,2.F,2.F F-gases,1089.128576606168,5.178138830001982
2012,2.G,2.G Other product use,1.8800000000000001,0.008938247705095242
2012,2.H,2.H Other,0.0,0.0
2013,2.A,2.A Mineral industry,7530.922270613999,32.394093597864305
2013,2.B,2.B Chemical industry,350.1790023351733,1.5062871412066092
2013,2.C,2.C Metal industry,14013.459824688463,60.27858380137792
2013,2.D,2.D Fuel / solvent use,211.31471918500884,0.9089655351505154
2013,2.E,2.E Electronics,0.0,0.0
2013,2.F,2.F F-gases,1139.975432131081,4.903578807580662
2013,2.G,2.G Other product use,1.9740000000000002,0.008491116820008103
2013,2.H,2.H Other,0.0,0.0
2014,2.A,2.A Mineral industry,6959.113314460001,29.07638583909293
2014,2.B,2.B Chemical industry,492.30295023274664,2.056927353222994
2014,2.C,2.C Metal industry,14797.81297495043,61.82783641995938
2014,2.D,2.D Fuel / solvent use,270.2487984581622,1.1291464848249169
2014,2.E,2.E Electronics,0.0,0.0
2014,2.F,2.F F-gases,1412.35466390247,5.901063439208736
2014,2.G,2.G Other product use,2.068,0.008640463691014065
2014,2.H,2.H Other,0.0,0.0
2015,2.A,2.A Mineral industry,7883.854276029999,31.82533163266086
2015,2.B,2.B Chemical industry,552.7022870748001,2.2311337785334158
2015,2.C,2.C Metal industry,14572.54835936377,58.826072633001466
2015,2.D,2.D Fuel / solvent use,291.79162069891686,1.1778965936253796
2015,2.E,2.E Electronics,0.0,0.0
2015,2.F,2.F F-gases,1469.2966449584076,5.931217315206925
2015,2.G,2.G Other product use,2.068,0.008348046971954487
2015,2.H,2.H Other,0.0,0.0
2016,2.A,2.A Mineral industry,7155.68771767,28.96815637613016
2016,2.B,2.B Chemical industry,580.6468305088266,2.3506151818152525
2016,2.C,2.C Metal industry,15148.060590210249,61.32344021787309
2016,2.D,2.D Fuel / solvent use,311.8410283159781,1.2624166997175665
2016,2.E,2.E Electronics,0.0,0.0
2016,2.F,2.F F-gases,1503.5581462614612,6.086809433278155
2016,2.G,2.G Other product use,2.1149999999999998,0.008562091185760264
2016,2.H,2.H Other,0.0,0.0
2017,2.A,2.A Mineral industry,7514.92245299,29.632343183232518
2017,2.B,2.B Chemical industry,605.4310275946934,2.3872954239634314
2017,2.C,2.C Metal industry,15222.327748187296,60.02367192790635
2017,2.D,2.D Fuel / solvent use,278.1598690622384,1.0968215242960722
2017,2.E,2.E Electronics,0.0,0.0
2017,2.F,2.F F-gases,1737.5376009598012,6.851342885770675
2017,2.G,2.G Other product use,2.162,0.008525054830959538
2017,2.H,2.H Other,0.0,0.0
2018,2.A,2.A Mineral industry,7264.83665456,29.704609196673772
2018,2.B,2.B Chemical industry,591.4555248918133,2.4183551619288193
2018,2.C,2.C Metal industry,14372.018936404662,58.7645980457288
2018,2.D,2.D Fuel / solvent use,327.6631970606278,1.339755823788463
2018,2.E,2.E Electronics,0.0,0.0
2018,2.F,2.F F-gases,1898.7506479359977,7.763649568564997
2018,2.G,2.G Other product use,2.209,0.009032203315165457
2018,2.H,2.H Other,0.0,0.0
2019,2.A,2.A Mineral industry,7417.873685099999,28.857313305072758
2019,2.B,2.B Chemical industry,547.6631584237866,2.1305414488286547
2019,2.C,2.C Metal industry,15375.916889632914,59.81601600040123
2019,2.D,2.D Fuel / solvent use,321.5643130836883,1.2509625432185294
2019,2.E,2.E Electronics,0.0,0.0
2019,2.F,2.F F-gases,2039.9594913977191,7.935933216437246
2019,2.G,2.G Other product use,2.3735,0.009233486041582122
2019,2.H,2.H Other,0.0,0.0
2020,2.A,2.A Mineral industry,8129.53117932,30.10998174429477
2020,2.B,2.B Chemical industry,564.4481087376532,2.0905906964138183
2020,2.C,2.C Metal industry,15626.133704731115,57.875736030170266
2020,2.D,2.D Fuel / solvent use,369.44012762679745,1.3683243538999825
2020,2.E,2.E Electronics,0.0,0.0
2020,2.F,2.F F-gases,2307.529069591223,8.546576257258774
2020,2.G,2.G Other product use,2.3735,0.008790917962388758
2020,2.H,2.H Other,0.0,0.0
2021,2.A,2.A Mineral industry,8158.442230386,30.724369610418993
2021,2.B,2.B Chemical industry,654.8372429232,2.466091064701725
2021,2.C,2.C Metal industry,14893.622277624307,56.088790331980974
2021,2.D,2.D Fuel / solvent use,345.96499713754935,1.3028904469939109
2021,2.E,2.E Electronics,0.0,0.0
2021,2.F,2.F F-gases,2498.3178978768847,9.408566038845716
2021,2.G,2.G Other product use,2.4675000000000002,0.009292507058681712
2021,2.H,2.H Other,0.0,0.0
2022,2.A,2.A Mineral industry,9054.624532079,33.88298400033026
2022,2.B,2.B Chemical industry,549.0344194565067,2.0545219058138104
2022,2.C,2.C Metal industry,13958.42326454257,52.233312432419595
2022,2.D,2.D Fuel / solvent use,437.3206339987256,1.6364817770517601
2022,2.E,2.E Electronics,0.0,0.0
2022,2.F,2.F F-gases,2721.279666719312,10.18320252609123
2022,2.G,2.G Other product use,2.538,0.009497358293341975
2022,2.H,2.H Other,0.0,0.0
2023,2.A,2.A Mineral industry,9636.6663,35.99437088265487
2023,2.B,2.B Chemical industry,510.4299,1.9065310096082124
2023,2.C,2.C Metal industry,13485.784866999998,50.37139681245291
2023,2.D,2.D Fuel / solvent use,414.7498415312247,1.5491518700400817
2023,2.E,2.E Electronics,0.0,0.0
2023,2.F,2.F F-gases,2722.440888449873,10.168718516793422
2023,2.G,2.G Other product use,2.632,0.00983090845048226
2023,2.H,2.H Other,0.0,0.0
