inventory_year,total_ippu_kt_co2eq_ar5,annual_change_kt_co2eq,annual_change_percent
1990,22741.283086653988,,
1991,21717.253075386285,-1024.0300112677032,-4.5029561760684835
1992,19798.78352403571,-1918.4695513505758,-8.833849956488809
1993,16822.87243073113,-2975.9110933045777,-15.030777470200752
1994,12686.477154501561,-4136.39527622957,-24.58792511957365
1995,13991.216058472983,1304.7389039714217,10.2844855043818
1996,12257.786189204246,-1733.429869268737,-12.38941534477258
1997,15771.825209539189,3514.0390203349434,28.667811349408673
1998,16335.101079357979,563.2758698187899,3.5714057335488785
1999,16792.82805740674,457.72697804876043,2.8021067994930986
2000,17329.50679487074,536.6787374640007,3.195880620163262
2001,18148.100494483006,818.5936996122655,4.723698771707434
2002,18401.68102173776,253.580527254755,1.3972841253102113
2003,20188.65450453328,1786.973482795518,9.710925217563442
2004,20310.169592705417,121.51508817213835,0.6018979033241301
2005,20823.642113463007,513.4725207575902,2.5281547670680635
2006,22384.087023837237,1560.44491037423,7.493621441781134
2007,23316.620609139765,932.5335853025281,4.166055932097903
2008,21662.437363080782,-1654.183246058983,-7.094438228370745
2009,21250.494472695736,-411.94289038504576,-1.901646077403638
2010,20107.659619177353,-1142.8348535183832,-5.377921229017917
2011,21089.247746167486,981.5881269901329,4.881662737387693
2012,21033.20541148471,-56.04233468277744,-0.26573889859566907
2013,23247.825248953723,2214.619837469014,10.52915993612543
2014,23933.900702003815,686.0754530500926,2.9511382062757447
2015,24772.261188125893,838.3604861220774,3.5028159285873843
2016,24701.909312966516,-70.3518751593765,-0.28399456402106044
2017,25360.540698794026,658.6313858275098,2.666317722580988
2018,24456.933960853097,-903.6067379409287,-3.5630420844453767
2019,25705.35103763811,1248.417076785012,5.104552675258829
2020,26999.455690006787,1294.1046523686782,5.034378447016084
2021,26553.65214594794,-445.80354405884646,-1.6511575239787153
2022,26723.220516796115,169.5683708481738,0.6385877540165402
2023,26772.703796981103,49.48328018498796,0.18516959867874705
