source,submission_date,inventory_year,category_code,category_label,activity_description,activity_value_kt,activity_value_tonnes,implied_co2_ef_t_per_t,source_table
UNFCCC CRT 2025,2025-04-15,1990,2.A.1,Cement production,Clinker production,1929.0,1929000.0,0.5262198030067392,Table2(I).A-H
UNFCCC CRT 2025,2025-04-15,1990,2.A.2,Lime production,Lime produced,1943.0,1943000.0,0.7665,Table2(I).A-H
UNFCCC CRT 2025,2025-04-15,1990,2.A.4.a,Ceramics,Ceramics/Bricks/Tiles produced,64.80514000000001,64805.14000000001,0.11000000000000003,Table2(I).A-H
UNFCCC CRT 2025,2025-04-15,1990,2.A.4.b,Other uses of soda ash,Soda ash consumed,117.475,117475.0,0.415,Table2(I).A-H
UNFCCC CRT 2025,2025-04-15,1990,2.B.1,Ammonia production (7),Ammonia production,455.9,455900.0,2.183501710133333,Table2(I).A-H
UNFCCC CRT 2025,2025-04-15,1990,2.B.5.b,Calcium carbide,calcium carbide production,306.717,306717.0,0.8964605809263915,Table2(I).A-H
UNFCCC CRT 2025,2025-04-15,1990,2.C.1.a,Steel,Steel production,6753.489,6753489.0,0.10613839669761596,Table2(I).A-H
UNFCCC CRT 2025,2025-04-15,1990,2.C.1.b,Pig iron,Pig iron production,5226.414,5226414.0,1.51521304,Table2(I).A-H
UNFCCC CRT 2025,2025-04-15,1990,2.C.1.d,Sinter,Sinter production,9716.0,9716000.0,0.7099274168477832,Table2(I).A-H
UNFCCC CRT 2025,2025-04-15,1990,2.C.1.e,Pellet,Pellet production,8871.0,8871000.0,0.06581287340773306,Table2(I).A-H
UNFCCC CRT 2025,2025-04-15,1990,2.C.2,Ferroalloys production,Ferroalloys production,1322.9,1322900.0,1.6221552740192,Table2(I).A-H
UNFCCC CRT 2025,2025-04-15,1990,2.C.5,Lead production,Lead production,290.3,290300.0,0.52,Table2(I).A-H
UNFCCC CRT 2025,2025-04-15,1990,2.C.6,Zinc production,Zinc production,31.746,31746.0,3.66,Table2(I).A-H
UNFCCC CRT 2025,2025-04-15,1990,2.D.1,Lubricant use,Lubricant consumption,4.0,4000.0,0.5895,Table2(I).A-H
UNFCCC CRT 2025,2025-04-15,1990,2.D.2,Paraffin wax use,Paraffin wax use,0.0001,0.1,0.589600000536,Table2(I).A-H
UNFCCC CRT 2025,2025-04-15,1991,2.A.1,Cement production,Clinker production,1528.0,1528000.0,0.5262198952879581,Table2(I).A-H
UNFCCC CRT 2025,2025-04-15,1991,2.A.2,Lime production,Lime produced,1802.1,1802100.0,0.7664996393096942,Table2(I).A-H
UNFCCC CRT 2025,2025-04-15,1991,2.A.4.a,Ceramics,Ceramics/Bricks/Tiles produced,43.37617,43376.17,0.11,Table2(I).A-H
UNFCCC CRT 2025,2025-04-15,1991,2.A.4.b,Other uses of soda ash,Soda ash consumed,128.285,128285.0,0.415,Table2(I).A-H
UNFCCC CRT 2025,2025-04-15,1991,2.B.1,Ammonia production (7),Ammonia production,453.0,453000.0,2.1835017101333327,Table2(I).A-H
UNFCCC CRT 2025,2025-04-15,1991,2.B.5.b,Calcium carbide,calcium carbide production,243.63,243630.0,0.8794114025366334,Table2(I).A-H
UNFCCC CRT 2025,2025-04-15,1991,2.C.1.a,Steel,Steel production,6377.136,6377136.0,0.10740989147130035,Table2(I).A-H
UNFCCC CRT 2025,2025-04-15,1991,2.C.1.b,Pig iron,Pig iron production,4953.175,4953175.0,1.55173304,Table2(I).A-H
UNFCCC CRT 2025,2025-04-15,1991,2.C.1.d,Sinter,Sinter production,8928.0,8928000.0,0.7531515882157263,Table2(I).A-H
UNFCCC CRT 2025,2025-04-15,1991,2.C.1.e,Pellet,Pellet production,8899.9,8899900.0,0.06536399285385229,Table2(I).A-H
UNFCCC CRT 2025,2025-04-15,1991,2.C.2,Ferroalloys production,Ferroalloys production,1191.8,1191800.0,1.7157979795267664,Table2(I).A-H
UNFCCC CRT 2025,2025-04-15,1991,2.C.5,Lead production,Lead production,264.4,264400.0,0.52,Table2(I).A-H
UNFCCC CRT 2025,2025-04-15,1991,2.C.6,Zinc production,Zinc production,25.961,25961.0,3.6600000000000006,Table2(I).A-H
UNFCCC CRT 2025,2025-04-15,1991,2.D.1,Lubricant use,Lubricant consumption,3.8,3800.0,0.5894736842105264,Table2(I).A-H
UNFCCC CRT 2025,2025-04-15,1991,2.D.2,Paraffin wax use,Paraffin wax use,0.0002,0.2,0.589600000536,Table2(I).A-H
UNFCCC CRT 2025,2025-04-15,1992,2.A.1,Cement production,Clinker production,1328.7,1328700.0,0.5262196131557161,Table2(I).A-H
UNFCCC CRT 2025,2025-04-15,1992,2.A.2,Lime production,Lime produced,1634.4,1634400.0,0.7664996328928046,Table2(I).A-H
UNFCCC CRT 2025,2025-04-15,1992,2.A.4.a,Ceramics,Ceramics/Bricks/Tiles produced,42.89642,42896.42,0.11,Table2(I).A-H
UNFCCC CRT 2025,2025-04-15,1992,2.A.4.b,Other uses of soda ash,Soda ash consumed,132.382,132382.0,0.415,Table2(I).A-H
UNFCCC CRT 2025,2025-04-15,1992,2.B.1,Ammonia production (7),Ammonia production,282.1,282100.0,2.1835017101333327,Table2(I).A-H
UNFCCC CRT 2025,2025-04-15,1992,2.B.5.b,Calcium carbide,calcium carbide production,264.372,264372.0,0.8697411223578895,Table2(I).A-H
UNFCCC CRT 2025,2025-04-15,1992,2.C.1.a,Steel,Steel production,6063.128,6063128.0,0.10872197502894347,Table2(I).A-H
UNFCCC CRT 2025,2025-04-15,1992,2.C.1.b,Pig iron,Pig iron production,4666.275,4666275.0,1.4452163733333334,Table2(I).A-H
UNFCCC CRT 2025,2025-04-15,1992,2.C.1.d,Sinter,Sinter production,8040.0,8040000.0,0.813675376895051,Table2(I).A-H
UNFCCC CRT 2025,2025-04-15,1992,2.C.1.e,Pellet,Pellet production,7982.3,7982300.0,0.06702040765192989,Table2(I).A-H
UNFCCC CRT 2025,2025-04-15,1992,2.C.2,Ferroalloys production,Ferroalloys production,1063.3,1063300.0,1.867553587668579,Table2(I).A-H
UNFCCC CRT 2025,2025-04-15,1992,2.C.5,Lead production,Lead production,243.2,243200.0,0.52,Table2(I).A-H
UNFCCC CRT 2025,2025-04-15,1992,2.C.6,Zinc production,Zinc production,23.213,23213.0,3.66,Table2(I).A-H
UNFCCC CRT 2025,2025-04-15,1992,2.D.1,Lubricant use,Lubricant consumption,3.6,3600.0,0.5916666666666667,Table2(I).A-H
UNFCCC CRT 2025,2025-04-15,1992,2.D.2,Paraffin wax use,Paraffin wax use,0.0003,0.3,0.5896000005360001,Table2(I).A-H
UNFCCC CRT 2025,2025-04-15,1993,2.A.1,Cement production,Clinker production,670.6,670600.0,0.526219803161348,Table2(I).A-H
UNFCCC CRT 2025,2025-04-15,1993,2.A.2,Lime production,Lime produced,1108.2,1108200.0,0.7664997292907416,Table2(I).A-H
UNFCCC CRT 2025,2025-04-15,1993,2.A.4.a,Ceramics,Ceramics/Bricks/Tiles produced,49.54522999999999,49545.22999999999,0.11000000000000001,Table2(I).A-H
UNFCCC CRT 2025,2025-04-15,1993,2.A.4.b,Other uses of soda ash,Soda ash consumed,102.129,102129.0,0.415,Table2(I).A-H
UNFCCC CRT 2025,2025-04-15,1993,2.B.1,Ammonia production (7),Ammonia production,111.9,111900.0,2.183501710133333,Table2(I).A-H
UNFCCC CRT 2025,2025-04-15,1993,2.B.5.b,Calcium carbide,calcium carbide production,114.145,114145.0,1.1807735774672565,Table2(I).A-H
UNFCCC CRT 2025,2025-04-15,1993,2.C.1.a,Steel,Steel production,4557.515,4557515.0,0.12408187356487033,Table2(I).A-H
UNFCCC CRT 2025,2025-04-15,1993,2.C.1.b,Pig iron,Pig iron production,3552.134,3552134.0,1.5182563733333332,Table2(I).A-H
UNFCCC CRT 2025,2025-04-15,1993,2.C.1.d,Sinter,Sinter production,6426.0,6426000.0,0.959050253750377,Table2(I).A-H
UNFCCC CRT 2025,2025-04-15,1993,2.C.1.e,Pellet,Pellet production,5705.4,5705400.0,0.07504346759210573,Table2(I).A-H
UNFCCC CRT 2025,2025-04-15,1993,2.C.2,Ferroalloys production,Ferroalloys production,905.0,905000.0,2.230474728954696,Table2(I).A-H
UNFCCC CRT 2025,2025-04-15,1993,2.C.5,Lead production,Lead production,255.1,255100.0,0.52,Table2(I).A-H
UNFCCC CRT 2025,2025-04-15,1993,2.C.6,Zinc production,Zinc production,11.578,11578.0,3.6600000000000006,Table2(I).A-H
UNFCCC CRT 2025,2025-04-15,1993,2.D.1,Lubricant use,Lubricant consumption,3.4,3400.0,0.5895882352941176,Table2(I).A-H
UNFCCC CRT 2025,2025-04-15,1993,2.D.2,Paraffin wax use,Paraffin wax use,0.0004,0.4,0.589600000536,Table2(I).A-H
UNFCCC CRT 2025,2025-04-15,1994,2.A.1,Cement production,Clinker production,320.6,320600.0,0.52621958827199,Table2(I).A-H
UNFCCC CRT 2025,2025-04-15,1994,2.A.2,Lime production,Lime produced,714.7,714700.0,0.766499230446341,Table2(I).A-H
UNFCCC CRT 2025,2025-04-15,1994,2.A.4.a,Ceramics,Ceramics/Bricks/Tiles produced,20.76826,20768.260000000002,0.11,Table2(I).A-H
UNFCCC CRT 2025,2025-04-15,1994,2.A.4.b,Other uses of soda ash,Soda ash consumed,91.521,91521.0,0.415,Table2(I).A-H
UNFCCC CRT 2025,2025-04-15,1994,2.B.1,Ammonia production (7),Ammonia production,41.9,41900.0,2.1835017101333336,Table2(I).A-H
UNFCCC CRT 2025,2025-04-15,1994,2.B.5.b,Calcium carbide,calcium carbide production,86.501,86501.0,0.9192471763332215,Table2(I).A-H
UNFCCC CRT 2025,2025-04-15,1994,2.C.1.a,Steel,Steel production,2968.544,2968544.0,0.11114948112303227,Table2(I).A-H
UNFCCC CRT 2025,2025-04-15,1994,2.C.1.b,Pig iron,Pig iron production,2134.875,2134875.0,1.6460763733333332,Table2(I).A-H
UNFCCC CRT 2025,2025-04-15,1994,2.C.1.d,Sinter,Sinter production,4504.0,4504000.0,1.2615852846273719,Table2(I).A-H
UNFCCC CRT 2025,2025-04-15,1994,2.C.1.e,Pellet,Pellet production,4821.9,4821900.0,0.07521730023434746,Table2(I).A-H
UNFCCC CRT 2025,2025-04-15,1994,2.C.2,Ferroalloys production,Ferroalloys production,647.4,647400.0,1.9820735866543095,Table2(I).A-H
UNFCCC CRT 2025,2025-04-15,1994,2.C.5,Lead production,Lead production,137.7,137700.0,0.52,Table2(I).A-H
UNFCCC CRT 2025,2025-04-15,1994,2.C.6,Zinc production,Zinc production,16.516,16516.0,3.660000000000001,Table2(I).A-H
UNFCCC CRT 2025,2025-04-15,1994,2.D.1,Lubricant use,Lubricant consumption,3.2,3200.0,0.589375,Table2(I).A-H
UNFCCC CRT 2025,2025-04-15,1994,2.D.2,Paraffin wax use,Paraffin wax use,0.0005,0.5,0.5896000005360003,Table2(I).A-H
UNFCCC CRT 2025,2025-04-15,1995,2.A.1,Cement production,Clinker production,186.1,186100.0,0.5262170875873187,Table2(I).A-H
UNFCCC CRT 2025,2025-04-15,1995,2.A.2,Lime production,Lime produced,721.0,721000.0,0.7664993065187239,Table2(I).A-H
UNFCCC CRT 2025,2025-04-15,1995,2.A.4.a,Ceramics,Ceramics/Bricks/Tiles produced,15.56737,15567.37,0.11000000000000003,Table2(I).A-H
UNFCCC CRT 2025,2025-04-15,1995,2.A.4.b,Other uses of soda ash,Soda ash consumed,100.95,100950.0,0.415,Table2(I).A-H
UNFCCC CRT 2025,2025-04-15,1995,2.B.1,Ammonia production (7),Ammonia production,59.2,59200.0,2.183501710133333,Table2(I).A-H
UNFCCC CRT 2025,2025-04-15,1995,2.B.5.b,Calcium carbide,calcium carbide production,111.092,111092.0,0.8913018039102725,Table2(I).A-H
UNFCCC CRT 2025,2025-04-15,1995,2.C.1.a,Steel,Steel production,3026.595,3026595.0,0.13158887193405297,Table2(I).A-H
UNFCCC CRT 2025,2025-04-15,1995,2.C.1.b,Pig iron,Pig iron production,2529.381,2529381.0,1.6095563733333333,Table2(I).A-H
UNFCCC CRT 2025,2025-04-15,1995,2.C.1.d,Sinter,Sinter production,4080.0,4080000.0,1.4328605764720308,Table2(I).A-H
UNFCCC CRT 2025,2025-04-15,1995,2.C.1.e,Pellet,Pellet production,7211.5,7211500.0,0.06780170560909658,Table2(I).A-H
UNFCCC CRT 2025,2025-04-15,1995,2.C.2,Ferroalloys production,Ferroalloys production,808.7,808700.0,1.9707464523309015,Table2(I).A-H
UNFCCC CRT 2025,2025-04-15,1995,2.C.5,Lead production,Lead production,88.5,88500.0,0.52,Table2(I).A-H
UNFCCC CRT 2025,2025-04-15,1995,2.C.6,Zinc production,Zinc production,19.448,19448.0,3.66,Table2(I).A-H
UNFCCC CRT 2025,2025-04-15,1995,2.D.1,Lubricant use,Lubricant consumption,2.9,2900.0,0.5900000000000001,Table2(I).A-H
UNFCCC CRT 2025,2025-04-15,1995,2.D.2,Paraffin wax use,Paraffin wax use,0.0006,0.6,0.5896000005360001,Table2(I).A-H
UNFCCC CRT 2025,2025-04-15,1996,2.A.1,Cement production,Clinker production,30.1,30100.0,0.5262126245847176,Table2(I).A-H
UNFCCC CRT 2025,2025-04-15,1996,2.A.2,Lime production,Lime produced,559.1,559100.0,0.7664997317116795,Table2(I).A-H
UNFCCC CRT 2025,2025-04-15,1996,2.A.4.a,Ceramics,Ceramics/Bricks/Tiles produced,9.6,9600.0,0.11000000000000001,Table2(I).A-H
UNFCCC CRT 2025,2025-04-15,1996,2.A.4.b,Other uses of soda ash,Soda ash consumed,112.826,112826.0,0.415,Table2(I).A-H
UNFCCC CRT 2025,2025-04-15,1996,2.B.1,Ammonia production (7),Ammonia production,91.0,91000.0,2.183501710133333,Table2(I).A-H
UNFCCC CRT 2025,2025-04-15,1996,2.B.5.b,Calcium carbide,calcium carbide production,84.467,84467.0,0.9021570554180923,Table2(I).A-H
UNFCCC CRT 2025,2025-04-15,1996,2.C.1.a,Steel,Steel production,3216.596,3216596.0,0.11999025837978493,Table2(I).A-H
UNFCCC CRT 2025,2025-04-15,1996,2.C.1.b,Pig iron,Pig iron production,2535.53,2535530.0,1.4939097066666667,Table2(I).A-H
UNFCCC CRT 2025,2025-04-15,1996,2.C.1.d,Sinter,Sinter production,3675.0,3675000.0,1.440520785023422,Table2(I).A-H
UNFCCC CRT 2025,2025-04-15,1996,2.C.1.e,Pellet,Pellet production,5464.6,5464600.0,0.06465120960363063,Table2(I).A-H
UNFCCC CRT 2025,2025-04-15,1996,2.C.2,Ferroalloys production,Ferroalloys production,534.4,534400.0,1.7635705937425148,Table2(I).A-H
UNFCCC CRT 2025,2025-04-15,1996,2.C.5,Lead production,Lead production,67.3,67300.0,0.52,Table2(I).A-H
UNFCCC CRT 2025,2025-04-15,1996,2.C.6,Zinc production,Zinc production,22.733,22733.0,3.66,Table2(I).A-H
UNFCCC CRT 2025,2025-04-15,1996,2.D.1,Lubricant use,Lubricant consumption,2.7,2700.0,0.59,Table2(I).A-H
UNFCCC CRT 2025,2025-04-15,1996,2.D.2,Paraffin wax use,Paraffin wax use,0.0007,0.7,0.5896000005360001,Table2(I).A-H
UNFCCC CRT 2025,2025-04-15,1997,2.A.1,Cement production,Clinker production,89.2,89200.0,0.5262219730941704,Table2(I).A-H
UNFCCC CRT 2025,2025-04-15,1997,2.A.2,Lime production,Lime produced,559.2,559200.0,0.7665,Table2(I).A-H
UNFCCC CRT 2025,2025-04-15,1997,2.A.4.a,Ceramics,Ceramics/Bricks/Tiles produced,7.69639,7696.39,0.11000000000000001,Table2(I).A-H
UNFCCC CRT 2025,2025-04-15,1997,2.A.4.b,Other uses of soda ash,Soda ash consumed,108.774,108774.0,0.415,Table2(I).A-H
UNFCCC CRT 2025,2025-04-15,1997,2.B.1,Ammonia production (7),Ammonia production,69.3,69300.0,2.183501710133334,Table2(I).A-H
UNFCCC CRT 2025,2025-04-15,1997,2.B.5.b,Calcium carbide,calcium carbide production,26.337,26337.0,0.9714470137069522,Table2(I).A-H
UNFCCC CRT 2025,2025-04-15,1997,2.C.1.a,Steel,Steel production,3880.248,3880248.0,0.12358732321838053,Table2(I).A-H
UNFCCC CRT 2025,2025-04-15,1997,2.C.1.b,Pig iron,Pig iron production,3089.353,3089353.0,1.59738304,Table2(I).A-H
UNFCCC CRT 2025,2025-04-15,1997,2.C.1.d,Sinter,Sinter production,4635.0,4635000.0,1.4176899075102563,Table2(I).A-H
UNFCCC CRT 2025,2025-04-15,1997,2.C.1.e,Pellet,Pellet production,6520.4,6520400.0,0.06370636770750261,Table2(I).A-H
UNFCCC CRT 2025,2025-04-15,1997,2.C.2,Ferroalloys production,Ferroalloys production,843.4,843400.0,2.272709117287171,Table2(I).A-H
UNFCCC CRT 2025,2025-04-15,1997,2.C.5,Lead production,Lead production,82.0,82000.0,0.52,Table2(I).A-H
UNFCCC CRT 2025,2025-04-15,1997,2.C.6,Zinc production,Zinc production,26.216,26216.0,3.6599999999999997,Table2(I).A-H
UNFCCC CRT 2025,2025-04-15,1997,2.D.1,Lubricant use,Lubricant consumption,2.5,2500.0,0.5896,Table2(I).A-H
UNFCCC CRT 2025,2025-04-15,1997,2.D.2,Paraffin wax use,Paraffin wax use,0.0008,0.8,0.589600000536,Table2(I).A-H
UNFCCC CRT 2025,2025-04-15,1998,2.A.1,Cement production,Clinker production,19.5,19500.0,0.5262051282051282,Table2(I).A-H
UNFCCC CRT 2025,2025-04-15,1998,2.A.2,Lime production,Lime produced,567.6,567600.0,0.766499295278365,Table2(I).A-H
UNFCCC CRT 2025,2025-04-15,1998,2.A.3,Glass production,Glass production,5.3327,5332.7,0.1,Table2(I).A-H
UNFCCC CRT 2025,2025-04-15,1998,2.A.4.a,Ceramics,Ceramics/Bricks/Tiles produced,8.49606,8496.06,0.11000000000000001,Table2(I).A-H
UNFCCC CRT 2025,2025-04-15,1998,2.A.4.b,Other uses of soda ash,Soda ash consumed,114.7667,114766.7,0.415,Table2(I).A-H
UNFCCC CRT 2025,2025-04-15,1998,2.B.1,Ammonia production (7),Ammonia production,6.6,6600.0,2.183501710133333,Table2(I).A-H
UNFCCC CRT 2025,2025-04-15,1998,2.B.5.b,Calcium carbide,calcium carbide production,16.439,16439.0,0.8664943123061013,Table2(I).A-H
UNFCCC CRT 2025,2025-04-15,1998,2.C.1.a,Steel,Steel production,3116.5,3116500.0,0.12862402407770468,Table2(I).A-H
UNFCCC CRT 2025,2025-04-15,1998,2.C.1.b,Pig iron,Pig iron production,2594.169,2594169.0,1.6917263733333334,Table2(I).A-H
UNFCCC CRT 2025,2025-04-15,1998,2.C.1.d,Sinter,Sinter production,4759.0,4759000.0,1.728654759403236,Table2(I).A-H
UNFCCC CRT 2025,2025-04-15,1998,2.C.1.e,Pellet,Pellet production,2863.8,2863800.0,0.06412074865563237,Table2(I).A-H
UNFCCC CRT 2025,2025-04-15,1998,2.C.2,Ferroalloys production,Ferroalloys production,726.3,726300.0,1.6638411895910779,Table2(I).A-H
UNFCCC CRT 2025,2025-04-15,1998,2.C.5,Lead production,Lead production,118.6,118600.0,0.52,Table2(I).A-H
UNFCCC CRT 2025,2025-04-15,1998,2.C.6,Zinc production,Zinc production,27.63,27630.0,3.66,Table2(I).A-H
UNFCCC CRT 2025,2025-04-15,1998,2.D.1,Lubricant use,Lubricant consumption,2.3,2300.0,0.5895652173913044,Table2(I).A-H
UNFCCC CRT 2025,2025-04-15,1998,2.D.2,Paraffin wax use,Paraffin wax use,0.0009,0.9,0.5896000005360001,Table2(I).A-H
UNFCCC CRT 2025,2025-04-15,1999,2.A.1,Cement production,Clinker production,14.2,14200.0,0.5261971830985916,Table2(I).A-H
UNFCCC CRT 2025,2025-04-15,1999,2.A.2,Lime production,Lime produced,560.4,560400.0,0.7664989293361885,Table2(I).A-H
UNFCCC CRT 2025,2025-04-15,1999,2.A.3,Glass production,Glass production,4.269,4269.0,0.09999999999999999,Table2(I).A-H
UNFCCC CRT 2025,2025-04-15,1999,2.A.4.a,Ceramics,Ceramics/Bricks/Tiles produced,372.07072000000005,372070.72000000003,0.11000000000000001,Table2(I).A-H
UNFCCC CRT 2025,2025-04-15,1999,2.A.4.b,Other uses of soda ash,Soda ash consumed,114.02289999999999,114022.9,0.415,Table2(I).A-H
UNFCCC CRT 2025,2025-04-15,1999,2.B.1,Ammonia production (7),Ammonia production,7.501,7501.0,2.183501710133333,Table2(I).A-H
UNFCCC CRT 2025,2025-04-15,1999,2.B.5.b,Calcium carbide,calcium carbide production,15.0,15000.0,1.1295933333333332,Table2(I).A-H
UNFCCC CRT 2025,2025-04-15,1999,2.C.1.a,Steel,Steel production,4105.1,4105100.0000000005,0.13149174295439814,Table2(I).A-H
UNFCCC CRT 2025,2025-04-15,1999,2.C.1.b,Pig iron,Pig iron production,3438.082,3438082.0,1.59738304,Table2(I).A-H
UNFCCC CRT 2025,2025-04-15,1999,2.C.1.d,Sinter,Sinter production,5591.0,5591000.0,1.196484886424611,Table2(I).A-H
UNFCCC CRT 2025,2025-04-15,1999,2.C.1.e,Pellet,Pellet production,2814.4,2814400.0,0.05928901364411597,Table2(I).A-H
UNFCCC CRT 2025,2025-04-15,1999,2.C.2,Ferroalloys production,Ferroalloys production,999.6,999600.0,1.6744954021608645,Table2(I).A-H
UNFCCC CRT 2025,2025-04-15,1999,2.C.5,Lead production,Lead production,158.9,158900.0,0.52,Table2(I).A-H
UNFCCC CRT 2025,2025-04-15,1999,2.C.6,Zinc production,Zinc production,30.591,30591.0,3.6599999999999997,Table2(I).A-H
UNFCCC CRT 2025,2025-04-15,1999,2.D.1,Lubricant use,Lubricant consumption,2.1,2100.0,0.5895238095238095,Table2(I).A-H
UNFCCC CRT 2025,2025-04-15,1999,2.D.2,Paraffin wax use,Paraffin wax use,0.001,1.0,0.5896000005360003,Table2(I).A-H
UNFCCC CRT 2025,2025-04-15,2000,2.A.1,Cement production,Clinker production,3.8,3800.0,0.5260526315789474,Table2(I).A-H
UNFCCC CRT 2025,2025-04-15,2000,2.A.2,Lime production,Lime produced,622.904,622904.0,0.7664985294684253,Table2(I).A-H
UNFCCC CRT 2025,2025-04-15,2000,2.A.3,Glass production,Glass production,13.447,13447.0,0.09994794377928164,Table2(I).A-H
UNFCCC CRT 2025,2025-04-15,2000,2.A.4.a,Ceramics,Ceramics/Bricks/Tiles produced,453.695946,453695.946,0.11000000000000001,Table2(I).A-H
UNFCCC CRT 2025,2025-04-15,2000,2.A.4.b,Other uses of soda ash,Soda ash consumed,138.583,138583.0,0.415,Table2(I).A-H
UNFCCC CRT 2025,2025-04-15,2000,2.B.1,Ammonia production (7),Ammonia production,8.712,8712.0,2.1835017101333327,Table2(I).A-H
UNFCCC CRT 2025,2025-04-15,2000,2.B.5.b,Calcium carbide,calcium carbide production,9.966,9966.0,0.8564820389323702,Table2(I).A-H
UNFCCC CRT 2025,2025-04-15,2000,2.C.1.a,Steel,Steel production,4799.0,4799000.0,0.13041418295387927,Table2(I).A-H
UNFCCC CRT 2025,2025-04-15,2000,2.C.1.b,Pig iron,Pig iron production,4010.261,4010261.0,1.4756497066666665,Table2(I).A-H
UNFCCC CRT 2025,2025-04-15,2000,2.C.1.d,Sinter,Sinter production,5895.0,5895000.0,1.0807518235793045,Table2(I).A-H
UNFCCC CRT 2025,2025-04-15,2000,2.C.1.e,Pellet,Pellet production,6639.9,6639900.0,0.05865389538999082,Table2(I).A-H
UNFCCC CRT 2025,2025-04-15,2000,2.C.2,Ferroalloys production,Ferroalloys production,1092.0,1092000.0,1.6860154686813185,Table2(I).A-H
UNFCCC CRT 2025,2025-04-15,2000,2.C.5,Lead production,Lead production,185.8,185800.0,0.52,Table2(I).A-H
UNFCCC CRT 2025,2025-04-15,2000,2.C.6,Zinc production,Zinc production,26.321,26321.0,3.66,Table2(I).A-H
UNFCCC CRT 2025,2025-04-15,2000,2.D.1,Lubricant use,Lubricant consumption,1.9,1900.0,0.5894736842105264,Table2(I).A-H
UNFCCC CRT 2025,2025-04-15,2000,2.D.2,Paraffin wax use,Paraffin wax use,0.0011,1.1,0.5896000005360001,Table2(I).A-H
UNFCCC CRT 2025,2025-04-15,2001,2.A.1,Cement production,Clinker production,300.6,300600.0,0.5262175648702595,Table2(I).A-H
UNFCCC CRT 2025,2025-04-15,2001,2.A.2,Lime production,Lime produced,689.29,689290.0,0.7664998766847045,Table2(I).A-H
UNFCCC CRT 2025,2025-04-15,2001,2.A.3,Glass production,Glass production,66.056,66056.0,0.09999091679786848,Table2(I).A-H
UNFCCC CRT 2025,2025-04-15,2001,2.A.4.a,Ceramics,Ceramics/Bricks/Tiles produced,341.14956,341149.56,0.11,Table2(I).A-H
UNFCCC CRT 2025,2025-04-15,2001,2.A.4.b,Other uses of soda ash,Soda ash consumed,153.041,153041.0,0.415,Table2(I).A-H
UNFCCC CRT 2025,2025-04-15,2001,2.B.1,Ammonia production (7),Ammonia production,9.902,9902.0,2.183501710133333,Table2(I).A-H
UNFCCC CRT 2025,2025-04-15,2001,2.B.5.b,Calcium carbide,calcium carbide production,33.499,33499.0,0.8907758440550464,Table2(I).A-H
UNFCCC CRT 2025,2025-04-15,2001,2.C.1.a,Steel,Steel production,4691.0,4691000.0,0.12981360508654874,Table2(I).A-H
UNFCCC CRT 2025,2025-04-15,2001,2.C.1.b,Pig iron,Pig iron production,3905.698,3905698.0,1.53347304,Table2(I).A-H
UNFCCC CRT 2025,2025-04-15,2001,2.C.1.d,Sinter,Sinter production,6057.0,6057000.0,1.0511603272695342,Table2(I).A-H
UNFCCC CRT 2025,2025-04-15,2001,2.C.1.e,Pellet,Pellet production,6106.6,6106600.0,0.060469328267775846,Table2(I).A-H
UNFCCC CRT 2025,2025-04-15,2001,2.C.2,Ferroalloys production,Ferroalloys production,1130.05,1130050.0,1.6611499544374144,Table2(I).A-H
UNFCCC CRT 2025,2025-04-15,2001,2.C.5,Lead production,Lead production,158.722,158722.0,0.52,Table2(I).A-H
UNFCCC CRT 2025,2025-04-15,2001,2.C.6,Zinc production,Zinc production,32.242,32241.999999999996,3.66,Table2(I).A-H
UNFCCC CRT 2025,2025-04-15,2001,2.D.1,Lubricant use,Lubricant consumption,0.8,800.0,0.59,Table2(I).A-H
UNFCCC CRT 2025,2025-04-15,2001,2.D.2,Paraffin wax use,Paraffin wax use,0.0012,1.2,0.5896000005360001,Table2(I).A-H
UNFCCC CRT 2025,2025-04-15,2002,2.A.1,Cement production,Clinker production,51.2,51200.0,0.5262109374999999,Table2(I).A-H
UNFCCC CRT 2025,2025-04-15,2002,2.A.2,Lime production,Lime produced,710.698,710698.0,0.7664999760798539,Table2(I).A-H
UNFCCC CRT 2025,2025-04-15,2002,2.A.3,Glass production,Glass production,82.9618,82961.8,0.09999783032672868,Table2(I).A-H
UNFCCC CRT 2025,2025-04-15,2002,2.A.4.a,Ceramics,Ceramics/Bricks/Tiles produced,650.258842,650258.842,0.11000000000000001,Table2(I).A-H
UNFCCC CRT 2025,2025-04-15,2002,2.A.4.b,Other uses of soda ash,Soda ash consumed,153.45,153450.0,0.415,Table2(I).A-H
UNFCCC CRT 2025,2025-04-15,2002,2.B.1,Ammonia production (7),Ammonia production,11.0,11000.0,2.183501710133333,Table2(I).A-H
UNFCCC CRT 2025,2025-04-15,2002,2.B.5.b,Calcium carbide,calcium carbide production,34.965,34965.0,0.9128900328900328,Table2(I).A-H
UNFCCC CRT 2025,2025-04-15,2002,2.C.1.a,Steel,Steel production,4866.0,4866000.0,0.1287327301450884,Table2(I).A-H
UNFCCC CRT 2025,2025-04-15,2002,2.C.1.b,Pig iron,Pig iron production,4007.995,4007995.0,1.5091263733333333,Table2(I).A-H
UNFCCC CRT 2025,2025-04-15,2002,2.C.1.d,Sinter,Sinter production,6005.0,6005000.0,0.9058446294754371,Table2(I).A-H
UNFCCC CRT 2025,2025-04-15,2002,2.C.1.e,Pellet,Pellet production,7307.9,7307900.0,0.061504262510433914,Table2(I).A-H
UNFCCC CRT 2025,2025-04-15,2002,2.C.2,Ferroalloys production,Ferroalloys production,1235.4,1235400.0,1.7784421867119962,Table2(I).A-H
UNFCCC CRT 2025,2025-04-15,2002,2.C.5,Lead production,Lead production,162.175,162175.0,0.52,Table2(I).A-H
UNFCCC CRT 2025,2025-04-15,2002,2.C.6,Zinc production,Zinc production,28.28,28280.0,3.66,Table2(I).A-H
UNFCCC CRT 2025,2025-04-15,2002,2.D.1,Lubricant use,Lubricant consumption,1.0,1000.0,0.59,Table2(I).A-H
UNFCCC CRT 2025,2025-04-15,2002,2.D.2,Paraffin wax use,Paraffin wax use,0.0013,1.3,0.589600000536,Table2(I).A-H
UNFCCC CRT 2025,2025-04-15,2003,2.A.1,Cement production,Clinker production,1.0,1000.0,0.526,Table2(I).A-H
UNFCCC CRT 2025,2025-04-15,2003,2.A.2,Lime production,Lime produced,786.073,786073.0,0.7664987857361848,Table2(I).A-H
UNFCCC CRT 2025,2025-04-15,2003,2.A.3,Glass production,Glass production,103.3304,103330.4,0.09999961289223694,Table2(I).A-H
UNFCCC CRT 2025,2025-04-15,2003,2.A.4.a,Ceramics,Ceramics/Bricks/Tiles produced,657.45217,657452.17,0.11,Table2(I).A-H
UNFCCC CRT 2025,2025-04-15,2003,2.A.4.b,Other uses of soda ash,Soda ash consumed,186.369,186369.0,0.4149999999999999,Table2(I).A-H
UNFCCC CRT 2025,2025-04-15,2003,2.B.1,Ammonia production (7),Ammonia production,32.0,32000.0,2.1835017101333336,Table2(I).A-H
UNFCCC CRT 2025,2025-04-15,2003,2.B.5.b,Calcium carbide,calcium carbide production,47.632,47632.0,0.9401179879072892,Table2(I).A-H
UNFCCC CRT 2025,2025-04-15,2003,2.C.1.a,Steel,Steel production,5069.4,5069400.0,0.12630535468117202,Table2(I).A-H
UNFCCC CRT 2025,2025-04-15,2003,2.C.1.b,Pig iron,Pig iron production,4137.07,4137069.9999999995,1.4969530400000004,Table2(I).A-H
UNFCCC CRT 2025,2025-04-15,2003,2.C.1.d,Sinter,Sinter production,6378.0,6378000.0,0.9353087174662904,Table2(I).A-H
UNFCCC CRT 2025,2025-04-15,2003,2.C.1.e,Pellet,Pellet production,8848.6,8848600.0,0.06259894220554664,Table2(I).A-H
UNFCCC CRT 2025,2025-04-15,2003,2.C.2,Ferroalloys production,Ferroalloys production,1401.1,1401100.0,1.7522394156648347,Table2(I).A-H
UNFCCC CRT 2025,2025-04-15,2003,2.C.5,Lead production,Lead production,133.178,133178.0,0.52,Table2(I).A-H
UNFCCC CRT 2025,2025-04-15,2003,2.C.6,Zinc production,Zinc production,28.41,28410.0,3.66,Table2(I).A-H
UNFCCC CRT 2025,2025-04-15,2003,2.D.1,Lubricant use,Lubricant consumption,0.7,700.0,0.5895714285714286,Table2(I).A-H
UNFCCC CRT 2025,2025-04-15,2003,2.D.2,Paraffin wax use,Paraffin wax use,0.0014,1.4,0.5896000005360001,Table2(I).A-H
UNFCCC CRT 2025,2025-04-15,2004,2.A.1,Cement production,Clinker production,657.4,657400.0,0.5262199574079708,Table2(I).A-H
UNFCCC CRT 2025,2025-04-15,2004,2.A.2,Lime production,Lime produced,858.99,858990.0,0.7664990279281482,Table2(I).A-H
UNFCCC CRT 2025,2025-04-15,2004,2.A.3,Glass production,Glass production,101.043,101043.0,0.09999703096701403,Table2(I).A-H
UNFCCC CRT 2025,2025-04-15,2004,2.A.4.a,Ceramics,Ceramics/Bricks/Tiles produced,806.2402899999998,806240.2899999998,0.11000000000000003,Table2(I).A-H
UNFCCC CRT 2025,2025-04-15,2004,2.A.4.b,Other uses of soda ash,Soda ash consumed,174.666,174666.0,0.41500000000000004,Table2(I).A-H
UNFCCC CRT 2025,2025-04-15,2004,2.B.1,Ammonia production (7),Ammonia production,36.77,36770.0,2.183501710133333,Table2(I).A-H
UNFCCC CRT 2025,2025-04-15,2004,2.B.5.b,Calcium carbide,calcium carbide production,47.896,47896.0,0.7701039752797727,Table2(I).A-H
UNFCCC CRT 2025,2025-04-15,2004,2.C.1.a,Steel,Steel production,5371.7,5371700.0,0.12469239121768404,Table2(I).A-H
UNFCCC CRT 2025,2025-04-15,2004,2.C.1.b,Pig iron,Pig iron production,4283.142,4283142.0,1.4939097066666667,Table2(I).A-H
UNFCCC CRT 2025,2025-04-15,2004,2.C.1.d,Sinter,Sinter production,6495.0,6495000.0,0.8804620477290223,Table2(I).A-H
UNFCCC CRT 2025,2025-04-15,2004,2.C.1.e,Pellet,Pellet production,9447.1,9447100.0,0.06265986387356966,Table2(I).A-H
UNFCCC CRT 2025,2025-04-15,2004,2.C.2,Ferroalloys production,Ferroalloys production,1447.3,1447300.0,1.8313948870310233,Table2(I).A-H
UNFCCC CRT 2025,2025-04-15,2004,2.C.5,Lead production,Lead production,157.016,157016.0,0.52,Table2(I).A-H
UNFCCC CRT 2025,2025-04-15,2004,2.C.6,Zinc production,Zinc production,29.752,29752.0,3.6600000000000006,Table2(I).A-H
UNFCCC CRT 2025,2025-04-15,2004,2.D.1,Lubricant use,Lubricant consumption,2.3,2300.0,0.5895652173913044,Table2(I).A-H
UNFCCC CRT 2025,2025-04-15,2004,2.D.2,Paraffin wax use,Paraffin wax use,0.0015,1.5,0.5896000005360001,Table2(I).A-H
UNFCCC CRT 2025,2025-04-15,2005,2.A.1,Cement production,Clinker production,675.0,675000.0,0.5262192592592593,Table2(I).A-H
UNFCCC CRT 2025,2025-04-15,2005,2.A.2,Lime production,Lime produced,993.544,993544.0,0.7664995209069755,Table2(I).A-H
UNFCCC CRT 2025,2025-04-15,2005,2.A.3,Glass production,Glass production,117.2131,117213.09999999999,0.09999735524442234,Table2(I).A-H
UNFCCC CRT 2025,2025-04-15,2005,2.A.4.a,Ceramics,Ceramics/Bricks/Tiles produced,1167.394712,1167394.712,0.11,Table2(I).A-H
UNFCCC CRT 2025,2025-04-15,2005,2.A.4.b,Other uses of soda ash,Soda ash consumed,156.909,156909.0,0.415,Table2(I).A-H
UNFCCC CRT 2025,2025-04-15,2005,2.B.1,Ammonia production (7),Ammonia production,5.072,5072.0,2.183501710133333,Table2(I).A-H
UNFCCC CRT 2025,2025-04-15,2005,2.B.5.b,Calcium carbide,calcium carbide production,48.15,48150.0,0.9111858774662512,Table2(I).A-H
UNFCCC CRT 2025,2025-04-15,2005,2.C.1.a,Steel,Steel production,4217.2,4217200.0,0.12704974318691703,Table2(I).A-H
UNFCCC CRT 2025,2025-04-15,2005,2.C.1.b,Pig iron,Pig iron production,3582.198,3582198.0,1.6339030399999994,Table2(I).A-H
UNFCCC CRT 2025,2025-04-15,2005,2.C.1.d,Sinter,Sinter production,6064.0,6064000.0,0.9748647757255936,Table2(I).A-H
UNFCCC CRT 2025,2025-04-15,2005,2.C.1.e,Pellet,Pellet production,7493.9,7493900.0,0.06334418660510549,Table2(I).A-H
UNFCCC CRT 2025,2025-04-15,2005,2.C.2,Ferroalloys production,Ferroalloys production,1530.1,1530100.0,1.7847834651329977,Table2(I).A-H
UNFCCC CRT 2025,2025-04-15,2005,2.C.5,Lead production,Lead production,135.446,135446.0,0.52,Table2(I).A-H
UNFCCC CRT 2025,2025-04-15,2005,2.C.6,Zinc production,Zinc production,28.187,28187.0,3.6599999999999997,Table2(I).A-H
UNFCCC CRT 2025,2025-04-15,2005,2.D.1,Lubricant use,Lubricant consumption,2.8,2800.0,0.5896428571428571,Table2(I).A-H
UNFCCC CRT 2025,2025-04-15,2005,2.D.2,Paraffin wax use,Paraffin wax use,0.0016,1.6,0.589600000536,Table2(I).A-H
UNFCCC CRT 2025,2025-04-15,2006,2.A.1,Cement production,Clinker production,903.8,903800.0,0.5262192963044922,Table2(I).A-H
UNFCCC CRT 2025,2025-04-15,2006,2.A.2,Lime production,Lime produced,988.094,988094.0,0.7664999483854775,Table2(I).A-H
UNFCCC CRT 2025,2025-04-15,2006,2.A.3,Glass production,Glass production,126.052,126052.0,0.09999841335321931,Table2(I).A-H
UNFCCC CRT 2025,2025-04-15,2006,2.A.4.a,Ceramics,Ceramics/Bricks/Tiles produced,1233.7771179999997,1233777.1179999998,0.11000000000000001,Table2(I).A-H
UNFCCC CRT 2025,2025-04-15,2006,2.A.4.b,Other uses of soda ash,Soda ash consumed,173.173,173173.0,0.415,Table2(I).A-H
UNFCCC CRT 2025,2025-04-15,2006,2.B.1,Ammonia production (7),Ammonia production,30.405,30405.0,2.2512149785960642,Table2(I).A-H
UNFCCC CRT 2025,2025-04-15,2006,2.B.2,Nitric acid production,Nitric acid production,31.494,31494.0,,Table2(I).A-H
UNFCCC CRT 2025,2025-04-15,2006,2.B.5.b,Calcium carbide,calcium carbide production,36.776,36776.0,0.9094926038720904,Table2(I).A-H
UNFCCC CRT 2025,2025-04-15,2006,2.C.1.a,Steel,Steel production,4245.0,4245000.0,0.1501454003286219,Table2(I).A-H
UNFCCC CRT 2025,2025-04-15,2006,2.C.1.b,Pig iron,Pig iron production,3369.217,3369217.0,1.6886830399999997,Table2(I).A-H
UNFCCC CRT 2025,2025-04-15,2006,2.C.1.d,Sinter,Sinter production,5965.0,5965000.0,0.9671042749371332,Table2(I).A-H
UNFCCC CRT 2025,2025-04-15,2006,2.C.1.e,Pellet,Pellet production,8472.6,8472600.0,0.06499900856879824,Table2(I).A-H
UNFCCC CRT 2025,2025-04-15,2006,2.C.2,Ferroalloys production,Ferroalloys production,1614.3,1614300.0,2.012858702843338,Table2(I).A-H
UNFCCC CRT 2025,2025-04-15,2006,2.C.5,Lead production,Lead production,115.974,115974.0,0.52,Table2(I).A-H
UNFCCC CRT 2025,2025-04-15,2006,2.C.6,Zinc production,Zinc production,31.895,31895.0,3.66,Table2(I).A-H
UNFCCC CRT 2025,2025-04-15,2006,2.D.1,Lubricant use,Lubricant consumption,1.6,1600.0,0.5874999999999999,Table2(I).A-H
UNFCCC CRT 2025,2025-04-15,2006,2.D.2,Paraffin wax use,Paraffin wax use,0.0017,1.7,0.589600000536,Table2(I).A-H
UNFCCC CRT 2025,2025-04-15,2007,2.A.1,Cement production,Clinker production,1134.3,1134300.0,0.5262196949660584,Table2(I).A-H
UNFCCC CRT 2025,2025-04-15,2007,2.A.2,Lime production,Lime produced,1023.2,1023200.0,0.7665,Table2(I).A-H
UNFCCC CRT 2025,2025-04-15,2007,2.A.3,Glass production,Glass production,121.936,121936.0,0.09999507938590735,Table2(I).A-H
UNFCCC CRT 2025,2025-04-15,2007,2.A.4.a,Ceramics,Ceramics/Bricks/Tiles produced,1699.3922349999998,1699392.2349999999,0.11,Table2(I).A-H
UNFCCC CRT 2025,2025-04-15,2007,2.A.4.b,Other uses of soda ash,Soda ash consumed,199.47199999999998,199471.99999999997,0.4149999999999999,Table2(I).A-H
UNFCCC CRT 2025,2025-04-15,2007,2.B.1,Ammonia production (7),Ammonia production,119.222,119222.0,2.2489543509372427,Table2(I).A-H
UNFCCC CRT 2025,2025-04-15,2007,2.B.2,Nitric acid production,Nitric acid production,175.582,175582.0,,Table2(I).A-H
UNFCCC CRT 2025,2025-04-15,2007,2.B.5.b,Calcium carbide,calcium carbide production,31.142,31142.0,0.8976013101278018,Table2(I).A-H
UNFCCC CRT 2025,2025-04-15,2007,2.C.1.a,Steel,Steel production,4784.0,4784000.0,0.16358996980713492,Table2(I).A-H
UNFCCC CRT 2025,2025-04-15,2007,2.C.1.b,Pig iron,Pig iron production,3795.352,3795352.0,1.6339030400000003,Table2(I).A-H
UNFCCC CRT 2025,2025-04-15,2007,2.C.1.d,Sinter,Sinter production,6580.0,6580000.0,0.9136477203647416,Table2(I).A-H
UNFCCC CRT 2025,2025-04-15,2007,2.C.1.e,Pellet,Pellet production,8572.3,8572300.0,0.06722513211156866,Table2(I).A-H
UNFCCC CRT 2025,2025-04-15,2007,2.C.2,Ferroalloys production,Ferroalloys production,1702.8,1702800.0,1.9001152713178298,Table2(I).A-H
UNFCCC CRT 2025,2025-04-15,2007,2.C.3,Aluminium production,Aluminium production,11.74829,11748.29,1.4897116666666668,Table2(I).A-H
UNFCCC CRT 2025,2025-04-15,2007,2.C.5,Lead production,Lead production,117.641,117641.0,0.52,Table2(I).A-H
UNFCCC CRT 2025,2025-04-15,2007,2.C.6,Zinc production,Zinc production,64.958,64958.0,3.66,Table2(I).A-H
UNFCCC CRT 2025,2025-04-15,2007,2.D.1,Lubricant use,Lubricant consumption,1.3,1300.0,0.5896153846153845,Table2(I).A-H
UNFCCC CRT 2025,2025-04-15,2007,2.D.2,Paraffin wax use,Paraffin wax use,0.08349999999999999,83.49999999999999,0.589600000536,Table2(I).A-H
UNFCCC CRT 2025,2025-04-15,2008,2.A.1,Cement production,Clinker production,1870.3,1870300.0,0.5262198577768272,Table2(I).A-H
UNFCCC CRT 2025,2025-04-15,2008,2.A.2,Lime production,Lime produced,905.917,905917.0,0.7665,Table2(I).A-H
UNFCCC CRT 2025,2025-04-15,2008,2.A.3,Glass production,Glass production,95.654,95654.0,0.09999581826165137,Table2(I).A-H
UNFCCC CRT 2025,2025-04-15,2008,2.A.4.a,Ceramics,Ceramics/Bricks/Tiles produced,1190.302641,1190302.641,0.11,Table2(I).A-H
UNFCCC CRT 2025,2025-04-15,2008,2.A.4.b,Other uses of soda ash,Soda ash consumed,231.934,231934.0,0.415,Table2(I).A-H
UNFCCC CRT 2025,2025-04-15,2008,2.B.1,Ammonia production (7),Ammonia production,127.772,127772.0,2.154727170272047,Table2(I).A-H
UNFCCC CRT 2025,2025-04-15,2008,2.B.2,Nitric acid production,Nitric acid production,171.724,171724.0,,Table2(I).A-H
UNFCCC CRT 2025,2025-04-15,2008,2.B.5.b,Calcium carbide,calcium carbide production,33.304,33304.0,0.9112028585154935,Table2(I).A-H
UNFCCC CRT 2025,2025-04-15,2008,2.C.1.a,Steel,Steel production,4244.0,4244000.0,0.1833083457879359,Table2(I).A-H
UNFCCC CRT 2025,2025-04-15,2008,2.C.1.b,Pig iron,Pig iron production,3105.547,3105547.0,1.7252030399999998,Table2(I).A-H
UNFCCC CRT 2025,2025-04-15,2008,2.C.1.d,Sinter,Sinter production,5133.0,5133000.0,0.887535671147477,Table2(I).A-H
UNFCCC CRT 2025,2025-04-15,2008,2.C.1.e,Pellet,Pellet production,6951.8,6951800.0,0.06789248827641763,Table2(I).A-H
UNFCCC CRT 2025,2025-04-15,2008,2.C.2,Ferroalloys production,Ferroalloys production,1590.519,1590519.0,1.7961364460279945,Table2(I).A-H
UNFCCC CRT 2025,2025-04-15,2008,2.C.3,Aluminium production,Aluminium production,106.23133,106231.33,1.4897116666666665,Table2(I).A-H
UNFCCC CRT 2025,2025-04-15,2008,2.C.5,Lead production,Lead production,105.766,105766.0,0.52,Table2(I).A-H
UNFCCC CRT 2025,2025-04-15,2008,2.C.6,Zinc production,Zinc production,73.415,73415.0,3.66,Table2(I).A-H
UNFCCC CRT 2025,2025-04-15,2008,2.D.1,Lubricant use,Lubricant consumption,1.3,1300.0,0.5892307692307692,Table2(I).A-H
UNFCCC CRT 2025,2025-04-15,2008,2.D.2,Paraffin wax use,Paraffin wax use,0.026000000000000002,26.000000000000004,0.589600000536,Table2(I).A-H
UNFCCC CRT 2025,2025-04-15,2009,2.A.1,Cement production,Clinker production,1772.4,1772400.0,0.5262198149401941,Table2(I).A-H
UNFCCC CRT 2025,2025-04-15,2009,2.A.2,Lime production,Lime produced,798.2,798200.0,0.7665,Table2(I).A-H
UNFCCC CRT 2025,2025-04-15,2009,2.A.3,Glass production,Glass production,70.446,70446.0,0.09999148283791841,Table2(I).A-H
UNFCCC CRT 2025,2025-04-15,2009,2.A.4.a,Ceramics,Ceramics/Bricks/Tiles produced,1148.568746,1148568.7459999998,0.11000000000000001,Table2(I).A-H
UNFCCC CRT 2025,2025-04-15,2009,2.A.4.b,Other uses of soda ash,Soda ash consumed,199.923,199923.0,0.41500000000000004,Table2(I).A-H
UNFCCC CRT 2025,2025-04-15,2009,2.B.1,Ammonia production (7),Ammonia production,101.197,101197.0,1.9310278830400114,Table2(I).A-H
UNFCCC CRT 2025,2025-04-15,2009,2.B.2,Nitric acid production,Nitric acid production,125.998,125998.0,,Table2(I).A-H
UNFCCC CRT 2025,2025-04-15,2009,2.B.5.b,Calcium carbide,calcium carbide production,37.055,37055.0,0.9043880717851843,Table2(I).A-H
UNFCCC CRT 2025,2025-04-15,2009,2.C.1.a,Steel,Steel production,3324.3,3324300.0,0.14637696996218758,Table2(I).A-H
UNFCCC CRT 2025,2025-04-15,2009,2.C.1.b,Pig iron,Pig iron production,2995.948,2995948.0,1.8895430399999997,Table2(I).A-H
UNFCCC CRT 2025,2025-04-15,2009,2.C.1.d,Sinter,Sinter production,5749.0,5749000.0,0.9617256914245956,Table2(I).A-H
UNFCCC CRT 2025,2025-04-15,2009,2.C.1.e,Pellet,Pellet production,6182.4,6182400.0,0.0603312629399586,Table2(I).A-H
UNFCCC CRT 2025,2025-04-15,2009,2.C.2,Ferroalloys production,Ferroalloys production,1468.794,1468794.0,1.684279932516064,Table2(I).A-H
UNFCCC CRT 2025,2025-04-15,2009,2.C.3,Aluminium production,Aluminium production,127.14014,127140.14,1.4897116666666672,Table2(I).A-H
UNFCCC CRT 2025,2025-04-15,2009,2.C.5,Lead production,Lead production,80.994,80994.0,0.52,Table2(I).A-H
UNFCCC CRT 2025,2025-04-15,2009,2.C.6,Zinc production,Zinc production,48.035,48035.0,3.66,Table2(I).A-H
UNFCCC CRT 2025,2025-04-15,2009,2.D.1,Lubricant use,Lubricant consumption,0.6,600.0,0.5895,Table2(I).A-H
UNFCCC CRT 2025,2025-04-15,2009,2.D.2,Paraffin wax use,Paraffin wax use,0.068,68.0,0.5896000005360001,Table2(I).A-H
UNFCCC CRT 2025,2025-04-15,2010,2.A.1,Cement production,Clinker production,1948.3,1948300.0,0.5262197813478416,Table2(I).A-H
UNFCCC CRT 2025,2025-04-15,2010,2.A.2,Lime production,Lime produced,886.6,886600.0,0.7665,Table2(I).A-H
UNFCCC CRT 2025,2025-04-15,2010,2.A.3,Glass production,Glass production,75.914,75914.0,0.09999473087967964,Table2(I).A-H
UNFCCC CRT 2025,2025-04-15,2010,2.A.4.a,Ceramics,Ceramics/Bricks/Tiles produced,1106.302148,1106302.148,0.11000000000000001,Table2(I).A-H
UNFCCC CRT 2025,2025-04-15,2010,2.A.4.b,Other uses of soda ash,Soda ash consumed,205.354,205354.0,0.41500000000000004,Table2(I).A-H
UNFCCC CRT 2025,2025-04-15,2010,2.B.1,Ammonia production (7),Ammonia production,91.887,91887.0,2.5303496100804974,Table2(I).A-H
UNFCCC CRT 2025,2025-04-15,2010,2.B.2,Nitric acid production,Nitric acid production,137.887,137887.0,,Table2(I).A-H
UNFCCC CRT 2025,2025-04-15,2010,2.B.5.b,Calcium carbide,calcium carbide production,35.686,35686.0,0.8918259261334976,Table2(I).A-H
UNFCCC CRT 2025,2025-04-15,2010,2.C.1.a,Steel,Steel production,4344.8,4344800.0,0.11134865365512796,Table2(I).A-H
UNFCCC CRT 2025,2025-04-15,2010,2.C.1.b,Pig iron,Pig iron production,2893.883,2893883.0,1.7404197066666667,Table2(I).A-H
UNFCCC CRT 2025,2025-04-15,2010,2.C.1.d,Sinter,Sinter production,5257.0,5257000.0,0.8236456153699828,Table2(I).A-H
UNFCCC CRT 2025,2025-04-15,2010,2.C.1.e,Pellet,Pellet production,8017.3,8017300.0,0.06433687151534806,Table2(I).A-H
UNFCCC CRT 2025,2025-04-15,2010,2.C.2,Ferroalloys production,Ferroalloys production,1702.0,1702000.0,1.6588682129259693,Table2(I).A-H
UNFCCC CRT 2025,2025-04-15,2010,2.C.3,Aluminium production,Aluminium production,227.308807,227308.807,1.4897116666666665,Table2(I).A-H
UNFCCC CRT 2025,2025-04-15,2010,2.C.5,Lead production,Lead production,103.4,103400.0,0.52,Table2(I).A-H
UNFCCC CRT 2025,2025-04-15,2010,2.C.6,Zinc production,Zinc production,78.009,78009.0,3.66,Table2(I).A-H
UNFCCC CRT 2025,2025-04-15,2010,2.D.1,Lubricant use,Lubricant consumption,4.1,4100.0,0.589609756097561,Table2(I).A-H
UNFCCC CRT 2025,2025-04-15,2010,2.D.2,Paraffin wax use,Paraffin wax use,0.0702,70.2,0.5896000005360001,Table2(I).A-H
UNFCCC CRT 2025,2025-04-15,2011,2.A.1,Cement production,Clinker production,2026.4,2026400.0,0.5262198973549151,Table2(I).A-H
UNFCCC CRT 2025,2025-04-15,2011,2.A.2,Lime production,Lime produced,959.8,959800.0,0.7665,Table2(I).A-H
UNFCCC CRT 2025,2025-04-15,2011,2.A.3,Glass production,Glass production,111.789,111789.0,0.09999194911842847,Table2(I).A-H
UNFCCC CRT 2025,2025-04-15,2011,2.A.4.a,Ceramics,Ceramics/Bricks/Tiles produced,1449.5372047,1449537.2047000001,0.11000000000000003,Table2(I).A-H
UNFCCC CRT 2025,2025-04-15,2011,2.A.4.b,Other uses of soda ash,Soda ash consumed,280.319,280319.0,0.415,Table2(I).A-H
UNFCCC CRT 2025,2025-04-15,2011,2.B.1,Ammonia production (7),Ammonia production,128.131,128131.0,2.203881083676966,Table2(I).A-H
UNFCCC CRT 2025,2025-04-15,2011,2.B.2,Nitric acid production,Nitric acid production,188.20377,188203.77,,Table2(I).A-H
UNFCCC CRT 2025,2025-04-15,2011,2.B.5.b,Calcium carbide,calcium carbide production,28.811,28811.0,1.0904168546735622,Table2(I).A-H
UNFCCC CRT 2025,2025-04-15,2011,2.C.1.a,Steel,Steel production,4811.5,4811500.0,0.10930603761820638,Table2(I).A-H
UNFCCC CRT 2025,2025-04-15,2011,2.C.1.b,Pig iron,Pig iron production,3141.17,3141170.0,1.7586797066666664,Table2(I).A-H
UNFCCC CRT 2025,2025-04-15,2011,2.C.1.d,Sinter,Sinter production,5856.0,5856000.0,0.7704330601092896,Table2(I).A-H
UNFCCC CRT 2025,2025-04-15,2011,2.C.1.e,Pellet,Pellet production,7647.89,7647890.0,0.06997367901473478,Table2(I).A-H
UNFCCC CRT 2025,2025-04-15,2011,2.C.2,Ferroalloys production,Ferroalloys production,1669.0,1669000.0,1.615775081126423,Table2(I).A-H
UNFCCC CRT 2025,2025-04-15,2011,2.C.3,Aluminium production,Aluminium production,248.765987,248765.987,1.4897116666666665,Table2(I).A-H
UNFCCC CRT 2025,2025-04-15,2011,2.C.5,Lead production,Lead production,115.518,115518.0,0.52,Table2(I).A-H
UNFCCC CRT 2025,2025-04-15,2011,2.C.6,Zinc production,Zinc production,81.98,81980.0,3.6599999999999993,Table2(I).A-H
UNFCCC CRT 2025,2025-04-15,2011,2.D.1,Lubricant use,Lubricant consumption,6.3,6300.0,0.5895238095238096,Table2(I).A-H
UNFCCC CRT 2025,2025-04-15,2011,2.D.2,Paraffin wax use,Paraffin wax use,0.3258,325.79999999999995,0.589600000536,Table2(I).A-H
UNFCCC CRT 2025,2025-04-15,2012,2.A.1,Cement production,Clinker production,4411.3,4411300.0,0.5262199351665041,Table2(I).A-H
UNFCCC CRT 2025,2025-04-15,2012,2.A.2,Lime production,Lime produced,908.2,908200.0,0.7664999999999998,Table2(I).A-H
UNFCCC CRT 2025,2025-04-15,2012,2.A.3,Glass production,Glass production,112.718,112718.0,0.09999290264199152,Table2(I).A-H
UNFCCC CRT 2025,2025-04-15,2012,2.A.4.a,Ceramics,Ceramics/Bricks/Tiles produced,1544.5761067,1544576.1067000001,0.11000000000000003,Table2(I).A-H
UNFCCC CRT 2025,2025-04-15,2012,2.A.4.b,Other uses of soda ash,Soda ash consumed,266.334,266334.0,0.415,Table2(I).A-H
UNFCCC CRT 2025,2025-04-15,2012,2.B.1,Ammonia production (7),Ammonia production,101.5,101500.0,2.073824971503711,Table2(I).A-H
UNFCCC CRT 2025,2025-04-15,2012,2.B.2,Nitric acid production,Nitric acid production,139.733,139733.0,,Table2(I).A-H
UNFCCC CRT 2025,2025-04-15,2012,2.B.5.b,Calcium carbide,calcium carbide production,27.058,27058.0,1.0056877818020549,Table2(I).A-H
UNFCCC CRT 2025,2025-04-15,2012,2.C.1.a,Steel,Steel production,3775.8,3775800.0,0.1093080987874887,Table2(I).A-H
UNFCCC CRT 2025,2025-04-15,2012,2.C.1.b,Pig iron,Pig iron production,2707.009,2707009.0,1.8134597066666667,Table2(I).A-H
UNFCCC CRT 2025,2025-04-15,2012,2.C.1.d,Sinter,Sinter production,5092.0,5092000.0,0.8979805023947028,Table2(I).A-H
UNFCCC CRT 2025,2025-04-15,2012,2.C.1.e,Pellet,Pellet production,7143.75,7143750.0,0.06924780402449694,Table2(I).A-H
UNFCCC CRT 2025,2025-04-15,2012,2.C.2,Ferroalloys production,Ferroalloys production,1724.1,1724100.0,1.6481784903427872,Table2(I).A-H
UNFCCC CRT 2025,2025-04-15,2012,2.C.3,Aluminium production,Aluminium production,248.94767000000002,248947.67,1.4897106689128683,Table2(I).A-H
UNFCCC CRT 2025,2025-04-15,2012,2.C.5,Lead production,Lead production,88.099,88099.0,0.52,Table2(I).A-H
UNFCCC CRT 2025,2025-04-15,2012,2.C.6,Zinc production,Zinc production,106.047,106047.0,3.66,Table2(I).A-H
UNFCCC CRT 2025,2025-04-15,2012,2.D.1,Lubricant use,Lubricant consumption,8.1,8100.0,0.5896296296296296,Table2(I).A-H
UNFCCC CRT 2025,2025-04-15,2012,2.D.2,Paraffin wax use,Paraffin wax use,0.331,331.0,0.5896000005360001,Table2(I).A-H
UNFCCC CRT 2025,2025-04-15,2013,2.A.1,Cement production,Clinker production,5759.1,5759100.0,0.5262198954697782,Table2(I).A-H
UNFCCC CRT 2025,2025-04-15,2013,2.A.2,Lime production,Lime produced,869.2,869200.0,0.7665,Table2(I).A-H
UNFCCC CRT 2025,2025-04-15,2013,2.A.3,Glass production,Glass production,102.833,102833.0,0.09999708264856612,Table2(I).A-H
UNFCCC CRT 2025,2025-04-15,2013,2.A.4.a,Ceramics,Ceramics/Bricks/Tiles produced,343.4021874,343402.1874,0.11,Table2(I).A-H
UNFCCC CRT 2025,2025-04-15,2013,2.A.4.b,Other uses of soda ash,Soda ash consumed,235.562,235562.0,0.415,Table2(I).A-H
UNFCCC CRT 2025,2025-04-15,2013,2.B.1,Ammonia production (7),Ammonia production,116.018,116018.0,2.0741471352305103,Table2(I).A-H
UNFCCC CRT 2025,2025-04-15,2013,2.B.2,Nitric acid production,Nitric acid production,149.134,149134.0,,Table2(I).A-H
UNFCCC CRT 2025,2025-04-15,2013,2.B.5.b,Calcium carbide,calcium carbide production,18.125,18125.0,1.0287227586206895,Table2(I).A-H
UNFCCC CRT 2025,2025-04-15,2013,2.C.1.a,Steel,Steel production,3503.4,3503400.0,0.13361767828435234,Table2(I).A-H
UNFCCC CRT 2025,2025-04-15,2013,2.C.1.b,Pig iron,Pig iron production,2622.744,2622744.0,1.9291063733333333,Table2(I).A-H
UNFCCC CRT 2025,2025-04-15,2013,2.C.1.d,Sinter,Sinter production,4596.0,4596000.0,0.92304249185494,Table2(I).A-H
UNFCCC CRT 2025,2025-04-15,2013,2.C.1.e,Pellet,Pellet production,6698.9,6698900.0,0.06848900565764529,Table2(I).A-H
UNFCCC CRT 2025,2025-04-15,2013,2.C.2,Ferroalloys production,Ferroalloys production,1706.931,1706931.0,1.6591779590387659,Table2(I).A-H
UNFCCC CRT 2025,2025-04-15,2013,2.C.3,Aluminium production,Aluminium production,250.671145,250671.145,1.4897127469537828,Table2(I).A-H
UNFCCC CRT 2025,2025-04-15,2013,2.C.5,Lead production,Lead production,91.072,91072.0,0.52,Table2(I).A-H
UNFCCC CRT 2025,2025-04-15,2013,2.C.6,Zinc production,Zinc production,84.731,84731.0,3.6600000000000006,Table2(I).A-H
UNFCCC CRT 2025,2025-04-15,2013,2.D.1,Lubricant use,Lubricant consumption,8.7,8700.0,0.5895402298850575,Table2(I).A-H
UNFCCC CRT 2025,2025-04-15,2013,2.D.2,Paraffin wax use,Paraffin wax use,0.129,129.0,0.589600000536,Table2(I).A-H
UNFCCC CRT 2025,2025-04-15,2014,2.A.1,Cement production,Clinker production,6153.2,6153200.0,0.5262200156016382,Table2(I).A-H
UNFCCC CRT 2025,2025-04-15,2014,2.A.2,Lime production,Lime produced,923.32,923320.0,0.7665,Table2(I).A-H
UNFCCC CRT 2025,2025-04-15,2014,2.A.3,Glass production,Glass production,96.175,96175.0,0.09999480114374838,Table2(I).A-H
UNFCCC CRT 2025,2025-04-15,2014,2.A.4.a,Ceramics,Ceramics/Bricks/Tiles produced,554.8245860000001,554824.586,0.11000000000000001,Table2(I).A-H
UNFCCC CRT 2025,2025-04-15,2014,2.A.4.b,Other uses of soda ash,Soda ash consumed,174.202,174202.0,0.415,Table2(I).A-H
UNFCCC CRT 2025,2025-04-15,2014,2.B.1,Ammonia production (7),Ammonia production,169.113,169113.0,1.9146337078329085,Table2(I).A-H
UNFCCC CRT 2025,2025-04-15,2014,2.B.2,Nitric acid production,Nitric acid production,236.546,236546.0,,Table2(I).A-H
UNFCCC CRT 2025,2025-04-15,2014,2.B.5.b,Calcium carbide,calcium carbide production,23.058,23058.0,1.0550351288056208,Table2(I).A-H
UNFCCC CRT 2025,2025-04-15,2014,2.C.1.a,Steel,Steel production,4014.9,4014900.0,0.1589547578232501,Table2(I).A-H
UNFCCC CRT 2025,2025-04-15,2014,2.C.1.b,Pig iron,Pig iron production,3184.78,3184780.0,1.7038997066666661,Table2(I).A-H
UNFCCC CRT 2025,2025-04-15,2014,2.C.1.d,Sinter,Sinter production,5562.0,5562000.0,0.8504338367493708,Table2(I).A-H
UNFCCC CRT 2025,2025-04-15,2014,2.C.1.e,Pellet,Pellet production,5762.3,5762300.0,0.06581208892282595,Table2(I).A-H
UNFCCC CRT 2025,2025-04-15,2014,2.C.2,Ferroalloys production,Ferroalloys production,1715.137,1715137.0,1.6464908870649981,Table2(I).A-H
UNFCCC CRT 2025,2025-04-15,2014,2.C.3,Aluminium production,Aluminium production,209.519543,209519.543,1.4897130622320993,Table2(I).A-H
UNFCCC CRT 2025,2025-04-15,2014,2.C.5,Lead production,Lead production,127.064,127064.0,0.52,Table2(I).A-H
UNFCCC CRT 2025,2025-04-15,2014,2.C.6,Zinc production,Zinc production,63.118,63118.0,3.6599999999999997,Table2(I).A-H
UNFCCC CRT 2025,2025-04-15,2014,2.D.1,Lubricant use,Lubricant consumption,13.5,13500.0,0.5896,Table2(I).A-H
UNFCCC CRT 2025,2025-04-15,2014,2.D.2,Paraffin wax use,Paraffin wax use,0.10679999999999999,106.8,0.5896000005360001,Table2(I).A-H
UNFCCC CRT 2025,2025-04-15,2015,2.A.1,Cement production,Clinker production,6569.1,6569100.0,0.5262200301411152,Table2(I).A-H
UNFCCC CRT 2025,2025-04-15,2015,2.A.2,Lime production,Lime produced,870.654,870654.0,0.7665,Table2(I).A-H
UNFCCC CRT 2025,2025-04-15,2015,2.A.3,Glass production,Glass production,77.495,77495.0,0.09999354797083682,Table2(I).A-H
UNFCCC CRT 2025,2025-04-15,2015,2.A.4.a,Ceramics,Ceramics/Bricks/Tiles produced,485.499773,485499.773,0.11,Table2(I).A-H
UNFCCC CRT 2025,2025-04-15,2015,2.A.4.b,Other uses of soda ash,Soda ash consumed,173.69400000000002,173694.00000000003,0.415,Table2(I).A-H
UNFCCC CRT 2025,2025-04-15,2015,2.B.1,Ammonia production (7),Ammonia production,185.091,185091.0,1.9600217572696677,Table2(I).A-H
UNFCCC CRT 2025,2025-04-15,2015,2.B.2,Nitric acid production,Nitric acid production,261.679,261678.99999999997,,Table2(I).A-H
UNFCCC CRT 2025,2025-04-15,2015,2.B.5.b,Calcium carbide,calcium carbide production,27.009,27009.0,1.126157947350883,Table2(I).A-H
UNFCCC CRT 2025,2025-04-15,2015,2.C.1.a,Steel,Steel production,3902.6,3902600.0,0.1378714049927228,Table2(I).A-H
UNFCCC CRT 2025,2025-04-15,2015,2.C.1.b,Pig iron,Pig iron production,3233.671,3233671.0,1.6825963733333331,Table2(I).A-H
UNFCCC CRT 2025,2025-04-15,2015,2.C.1.d,Sinter,Sinter production,4711.823,4711823.0,0.9628496231713287,Table2(I).A-H
UNFCCC CRT 2025,2025-04-15,2015,2.C.1.e,Pellet,Pellet production,3233.26,3233260.0,0.06684677384435524,Table2(I).A-H
UNFCCC CRT 2025,2025-04-15,2015,2.C.2,Ferroalloys production,Ferroalloys production,1741.92,1741920.0,1.7142229346927529,Table2(I).A-H
UNFCCC CRT 2025,2025-04-15,2015,2.C.3,Aluminium production,Aluminium production,221.593451,221593.451,1.5868699210158352,Table2(I).A-H
UNFCCC CRT 2025,2025-04-15,2015,2.C.5,Lead production,Lead production,120.108,120108.0,0.52,Table2(I).A-H
UNFCCC CRT 2025,2025-04-15,2015,2.C.6,Zinc production,Zinc production,69.1,69100.0,3.6600000000000006,Table2(I).A-H
UNFCCC CRT 2025,2025-04-15,2015,2.D.1,Lubricant use,Lubricant consumption,10.1,10100.0,0.5895940594059407,Table2(I).A-H
UNFCCC CRT 2025,2025-04-15,2015,2.D.2,Paraffin wax use,Paraffin wax use,0.051,51.0,0.5896000005359999,Table2(I).A-H
UNFCCC CRT 2025,2025-04-15,2016,2.A.1,Cement production,Clinker production,6697.9,6697900.0,0.5262200092566327,Table2(I).A-H
UNFCCC CRT 2025,2025-04-15,2016,2.A.2,Lime production,Lime produced,927.947,927947.0,0.7665,Table2(I).A-H
UNFCCC CRT 2025,2025-04-15,2016,2.A.3,Glass production,Glass production,137.433,137433.0,0.0999978171181594,Table2(I).A-H
UNFCCC CRT 2025,2025-04-15,2016,2.A.4.a,Ceramics,Ceramics/Bricks/Tiles produced,473.366247,473366.247,0.11000000000000001,Table2(I).A-H
UNFCCC CRT 2025,2025-04-15,2016,2.A.4.b,Other uses of soda ash,Soda ash consumed,173.417,173417.0,0.415,Table2(I).A-H
UNFCCC CRT 2025,2025-04-15,2016,2.B.1,Ammonia production (7),Ammonia production,209.86,209860.0,1.7950320285372467,Table2(I).A-H
UNFCCC CRT 2025,2025-04-15,2016,2.B.2,Nitric acid production,Nitric acid production,287.222,287222.0,,Table2(I).A-H
UNFCCC CRT 2025,2025-04-15,2016,2.B.5.b,Calcium carbide,calcium carbide production,27.399,27399.0,1.0540384685572466,Table2(I).A-H
UNFCCC CRT 2025,2025-04-15,2016,2.C.1.a,Steel,Steel production,4264.114,4264114.0,0.1411670799110188,Table2(I).A-H
UNFCCC CRT 2025,2025-04-15,2016,2.C.1.b,Pig iron,Pig iron production,3595.089,3595089.0,1.639989706666666,Table2(I).A-H
UNFCCC CRT 2025,2025-04-15,2016,2.C.1.d,Sinter,Sinter production,5270.149,5270149.0,0.8419088340766075,Table2(I).A-H
UNFCCC CRT 2025,2025-04-15,2016,2.C.1.e,Pellet,Pellet production,3341.2,3341200.0,0.0661989704297857,Table2(I).A-H
UNFCCC CRT 2025,2025-04-15,2016,2.C.2,Ferroalloys production,Ferroalloys production,1826.34,1826340.0,1.6958121396892145,Table2(I).A-H
UNFCCC CRT 2025,2025-04-15,2016,2.C.3,Aluminium production,Aluminium production,235.566,235566.0,1.680421778490954,Table2(I).A-H
UNFCCC CRT 2025,2025-04-15,2016,2.C.5,Lead production,Lead production,134.144,134144.0,0.52,Table2(I).A-H
UNFCCC CRT 2025,2025-04-15,2016,2.C.6,Zinc production,Zinc production,62.797,62797.0,3.6600000000000006,Table2(I).A-H
UNFCCC CRT 2025,2025-04-15,2016,2.D.1,Lubricant use,Lubricant consumption,53.3,53300.0,0.5896003752345216,Table2(I).A-H
UNFCCC CRT 2025,2025-04-15,2016,2.D.2,Paraffin wax use,Paraffin wax use,0.0538,53.8,0.589600000536,Table2(I).A-H
UNFCCC CRT 2025,2025-04-15,2017,2.A.1,Cement production,Clinker production,7254.1,7254100.0,0.5264602087095573,Table2(I).A-H
UNFCCC CRT 2025,2025-04-15,2017,2.A.2,Lime production,Lime produced,1048.29,1048290.0,0.7665,Table2(I).A-H
UNFCCC CRT 2025,2025-04-15,2017,2.A.3,Glass production,Glass production,204.089,204089.0,0.09924591722238826,Table2(I).A-H
UNFCCC CRT 2025,2025-04-15,2017,2.A.4.a,Ceramics,Ceramics/Bricks/Tiles produced,513.8437089999999,513843.70899999986,0.11,Table2(I).A-H
UNFCCC CRT 2025,2025-04-15,2017,2.A.4.b,Other uses of soda ash,Soda ash consumed,171.464,171464.0,0.4149999999999999,Table2(I).A-H
UNFCCC CRT 2025,2025-04-15,2017,2.B.1,Ammonia production (7),Ammonia production,217.987,217987.0,1.8279394807703826,Table2(I).A-H
UNFCCC CRT 2025,2025-04-15,2017,2.B.2,Nitric acid production,Nitric acid production,302.872,302872.0,,Table2(I).A-H
UNFCCC CRT 2025,2025-04-15,2017,2.B.5.b,Calcium carbide,calcium carbide production,22.963,22963.0,0.9738927840438966,Table2(I).A-H
UNFCCC CRT 2025,2025-04-15,2017,2.C.1.a,Steel,Steel production,4657.0,4657000.0,0.1346309943698375,Table2(I).A-H
UNFCCC CRT 2025,2025-04-15,2017,2.C.1.b,Pig iron,Pig iron production,3766.322,3766322.0,1.7008563733333333,Table2(I).A-H
UNFCCC CRT 2025,2025-04-15,2017,2.C.1.d,Sinter,Sinter production,5151.364,5151364.0,0.7267265524237853,Table2(I).A-H
UNFCCC CRT 2025,2025-04-15,2017,2.C.1.e,Pellet,Pellet production,3970.36,3970360.0,0.06432751690023071,Table2(I).A-H
UNFCCC CRT 2025,2025-04-15,2017,2.C.2,Ferroalloys production,Ferroalloys production,1934.774,1934774.0,1.7226897923168285,Table2(I).A-H
UNFCCC CRT 2025,2025-04-15,2017,2.C.3,Aluminium production,Aluminium production,254.992742,254992.742,1.573499062735744,Table2(I).A-H
UNFCCC CRT 2025,2025-04-15,2017,2.C.5,Lead production,Lead production,149.129,149129.0,0.52,Table2(I).A-H
UNFCCC CRT 2025,2025-04-15,2017,2.C.6,Zinc production,Zinc production,79.781,79781.0,3.66,Table2(I).A-H
UNFCCC CRT 2025,2025-04-15,2017,2.D.1,Lubricant use,Lubricant consumption,24.0,24000.0,0.5895833333333333,Table2(I).A-H
UNFCCC CRT 2025,2025-04-15,2017,2.D.2,Paraffin wax use,Paraffin wax use,0.028300000000000002,28.3,0.589600000536,Table2(I).A-H
UNFCCC CRT 2025,2025-04-15,2018,2.A.1,Cement production,Clinker production,7393.8,7393800.0,0.5264601422813708,Table2(I).A-H
UNFCCC CRT 2025,2025-04-15,2018,2.A.2,Lime production,Lime produced,886.0,886000.0,0.7670450338600452,Table2(I).A-H
UNFCCC CRT 2025,2025-04-15,2018,2.A.3,Glass production,Glass production,214.439,214439.0,0.0999958030022524,Table2(I).A-H
UNFCCC CRT 2025,2025-04-15,2018,2.A.4.a,Ceramics,Ceramics/Bricks/Tiles produced,587.188796,587188.796,0.11,Table2(I).A-H
UNFCCC CRT 2025,2025-04-15,2018,2.A.4.b,Other uses of soda ash,Soda ash consumed,186.724,186724.0,0.41500000000000004,Table2(I).A-H
UNFCCC CRT 2025,2025-04-15,2018,2.B.1,Ammonia production (7),Ammonia production,210.497,210497.0,1.8545929509295302,Table2(I).A-H
UNFCCC CRT 2025,2025-04-15,2018,2.B.2,Nitric acid production,Nitric acid production,294.955,294955.0,,Table2(I).A-H
UNFCCC CRT 2025,2025-04-15,2018,2.B.5.b,Calcium carbide,calcium carbide production,22.351,22351.0,0.9527179991946669,Table2(I).A-H
UNFCCC CRT 2025,2025-04-15,2018,2.C.1.a,Steel,Steel production,4006.0,4006000.0,0.12509986784839405,Table2(I).A-H
UNFCCC CRT 2025,2025-04-15,2018,2.C.1.b,Pig iron,Pig iron production,3153.569,3153569.0,1.73433304,Table2(I).A-H
UNFCCC CRT 2025,2025-04-15,2018,2.C.1.d,Sinter,Sinter production,4741.404,4741404.0,0.7291498467542524,Table2(I).A-H
UNFCCC CRT 2025,2025-04-15,2018,2.C.1.e,Pellet,Pellet production,4568.693,4568693.0,0.06500633769876855,Table2(I).A-H
UNFCCC CRT 2025,2025-04-15,2018,2.C.2,Ferroalloys production,Ferroalloys production,2088.638,2088638.0,1.777719273517,Table2(I).A-H
UNFCCC CRT 2025,2025-04-15,2018,2.C.3,Aluminium production,Aluminium production,258.419965,258419.965,1.661302710044997,Table2(I).A-H
UNFCCC CRT 2025,2025-04-15,2018,2.C.5,Lead production,Lead production,152.767,152767.0,0.52,Table2(I).A-H
UNFCCC CRT 2025,2025-04-15,2018,2.C.6,Zinc production,Zinc production,82.101,82101.0,3.66,Table2(I).A-H
UNFCCC CRT 2025,2025-04-15,2018,2.D.1,Lubricant use,Lubricant consumption,25.8,25800.0,0.5895968992248062,Table2(I).A-H
UNFCCC CRT 2025,2025-04-15,2018,2.D.2,Paraffin wax use,Paraffin wax use,0.12350000000000001,123.50000000000001,0.589600000536,Table2(I).A-H
UNFCCC CRT 2025,2025-04-15,2019,2.A.1,Cement production,Clinker production,7221.6,7221600.0,0.5264602027251578,Table2(I).A-H
UNFCCC CRT 2025,2025-04-15,2019,2.A.2,Lime production,Lime produced,874.525,874525.0,0.7665,Table2(I).A-H
UNFCCC CRT 2025,2025-04-15,2019,2.A.3,Glass production,Glass production,195.888,195888.0,0.09999591603365189,Table2(I).A-H
UNFCCC CRT 2025,2025-04-15,2019,2.A.4.a,Ceramics,Ceramics/Bricks/Tiles produced,649.9696600000001,649969.66,0.11000000000000001,Table2(I).A-H
UNFCCC CRT 2025,2025-04-15,2019,2.A.4.b,Other uses of soda ash,Soda ash consumed,173.13400000000001,173134.0,0.415,Table2(I).A-H
UNFCCC CRT 2025,2025-04-15,2019,2.B.1,Ammonia production (7),Ammonia production,217.391,217391.0,1.5918329573155587,Table2(I).A-H
UNFCCC CRT 2025,2025-04-15,2019,2.B.2,Nitric acid production,Nitric acid production,284.303,284303.0,,Table2(I).A-H
UNFCCC CRT 2025,2025-04-15,2019,2.B.5.b,Calcium carbide,calcium carbide production,28.302,28302.0,1.0019079923680305,Table2(I).A-H
UNFCCC CRT 2025,2025-04-15,2019,2.C.1.a,Steel,Steel production,4130.601,4130600.9999999995,0.13205758990968286,Table2(I).A-H
UNFCCC CRT 2025,2025-04-15,2019,2.C.1.b,Pig iron,Pig iron production,3165.135,3165135.0,1.7221597066666665,Table2(I).A-H
UNFCCC CRT 2025,2025-04-15,2019,2.C.1.d,Sinter,Sinter production,5304.145,5304145.0,0.8683205304530702,Table2(I).A-H
UNFCCC CRT 2025,2025-04-15,2019,2.C.1.e,Pellet,Pellet production,5379.16,5379160.0,0.062061548643282595,Table2(I).A-H
UNFCCC CRT 2025,2025-04-15,2019,2.C.2,Ferroalloys production,Ferroalloys production,2175.767,2175767.0,1.6592050435547554,Table2(I).A-H
UNFCCC CRT 2025,2025-04-15,2019,2.C.3,Aluminium production,Aluminium production,263.06688,263066.88,1.7084865207432676,Table2(I).A-H
UNFCCC CRT 2025,2025-04-15,2019,2.C.5,Lead production,Lead production,132.669,132669.0,0.52,Table2(I).A-H
UNFCCC CRT 2025,2025-04-15,2019,2.C.6,Zinc production,Zinc production,78.931,78931.0,3.6600000000000006,Table2(I).A-H
UNFCCC CRT 2025,2025-04-15,2019,2.D.1,Lubricant use,Lubricant consumption,32.0,32000.0,0.5896,Table2(I).A-H
UNFCCC CRT 2025,2025-04-15,2019,2.D.2,Paraffin wax use,Paraffin wax use,0.0286,28.6,0.5896000005360001,Table2(I).A-H
UNFCCC CRT 2025,2025-04-15,2020,2.A.1,Cement production,Clinker production,8453.0,8453000.0,0.5264601916479356,Table2(I).A-H
UNFCCC CRT 2025,2025-04-15,2020,2.A.2,Lime production,Lime produced,830.9,830900.0,0.7665000000000001,Table2(I).A-H
UNFCCC CRT 2025,2025-04-15,2020,2.A.3,Glass production,Glass production,116.995,116995.0,0.0999957263130903,Table2(I).A-H
UNFCCC CRT 2025,2025-04-15,2020,2.A.4.a,Ceramics,Ceramics/Bricks/Tiles produced,593.4673119999999,593467.3119999999,0.11000000000000001,Table2(I).A-H
UNFCCC CRT 2025,2025-04-15,2020,2.A.4.b,Other uses of soda ash,Soda ash consumed,171.995,171995.0,0.41500000000000004,Table2(I).A-H
UNFCCC CRT 2025,2025-04-15,2020,2.B.1,Ammonia production (7),Ammonia production,217.953,217953.0,1.6762086263444564,Table2(I).A-H
UNFCCC CRT 2025,2025-04-15,2020,2.B.2,Nitric acid production,Nitric acid production,285.78,285780.0,,Table2(I).A-H
UNFCCC CRT 2025,2025-04-15,2020,2.B.3,Adipic acid production,Adipic acid production,285.78,285780.0,,Table2(I).A-H
UNFCCC CRT 2025,2025-04-15,2020,2.B.5.b,Calcium carbide,calcium carbide production,26.078,26078.0,0.9559973924380704,Table2(I).A-H
UNFCCC CRT 2025,2025-04-15,2020,2.C.1.a,Steel,Steel production,4009.4,4009400.0,0.12017433723870569,Table2(I).A-H
UNFCCC CRT 2025,2025-04-15,2020,2.C.1.b,Pig iron,Pig iron production,3101.633,3101633.0,1.7191163733333332,Table2(I).A-H
UNFCCC CRT 2025,2025-04-15,2020,2.C.1.d,Sinter,Sinter production,5507.523,5507523.0,0.8777917041835321,Table2(I).A-H
UNFCCC CRT 2025,2025-04-15,2020,2.C.1.e,Pellet,Pellet production,4809.137,4809137.0,0.06367774509231075,Table2(I).A-H
UNFCCC CRT 2025,2025-04-15,2020,2.C.2,Ferroalloys production,Ferroalloys production,2214.652,2214652.0,1.7408111974251481,Table2(I).A-H
UNFCCC CRT 2025,2025-04-15,2020,2.C.3,Aluminium production,Aluminium production,265.103712,265103.712,1.6982371398679736,Table2(I).A-H
UNFCCC CRT 2025,2025-04-15,2020,2.C.5,Lead production,Lead production,128.0,128000.0,0.52,Table2(I).A-H
UNFCCC CRT 2025,2025-04-15,2020,2.C.6,Zinc production,Zinc production,75.819,75819.0,3.66,Table2(I).A-H
UNFCCC CRT 2025,2025-04-15,2020,2.D.1,Lubricant use,Lubricant consumption,51.8,51800.0,0.5896003861003861,Table2(I).A-H
UNFCCC CRT 2025,2025-04-15,2020,2.D.2,Paraffin wax use,Paraffin wax use,0.11520000000000001,115.20000000000002,0.589600000536,Table2(I).A-H
UNFCCC CRT 2025,2025-04-15,2021,2.A.1,Cement production,Clinker production,7295.7,7295700.0,0.5264602437051963,Table2(I).A-H
UNFCCC CRT 2025,2025-04-15,2021,2.A.2,Lime production,Lime produced,933.623,933623.0,0.7665000000000001,Table2(I).A-H
UNFCCC CRT 2025,2025-04-15,2021,2.A.3,Glass production,Glass production,206.404,206404.0,0.09999806205306098,Table2(I).A-H
UNFCCC CRT 2025,2025-04-15,2021,2.A.4.a,Ceramics,Ceramics/Bricks/Tiles produced,580.7229626,580722.9626,0.11000000000000001,Table2(I).A-H
UNFCCC CRT 2025,2025-04-15,2021,2.A.4.b,Other uses of soda ash,Soda ash consumed,180.445,180445.0,0.4149999999999999,Table2(I).A-H
UNFCCC CRT 2025,2025-04-15,2021,2.B.1,Ammonia production (7),Ammonia production,260.102,260101.99999999997,1.6405818483641037,Table2(I).A-H
UNFCCC CRT 2025,2025-04-15,2021,2.B.2,Nitric acid production,Nitric acid production,334.434,334434.0,,Table2(I).A-H
UNFCCC CRT 2025,2025-04-15,2021,2.B.5.b,Calcium carbide,calcium carbide production,29.832,29832.0,0.813927996781979,Table2(I).A-H
UNFCCC CRT 2025,2025-04-15,2021,2.C.1.a,Steel,Steel production,4526.071,4526071.0,0.10890173839517762,Table2(I).A-H
UNFCCC CRT 2025,2025-04-15,2021,2.C.1.b,Pig iron,Pig iron production,3195.305,3195305.0,1.6399897066666667,Table2(I).A-H
UNFCCC CRT 2025,2025-04-15,2021,2.C.1.d,Sinter,Sinter production,5396.413,5396413.0,0.8248427242318185,Table2(I).A-H
UNFCCC CRT 2025,2025-04-15,2021,2.C.1.e,Pellet,Pellet production,5788.51,5788510.0,0.0647175179795837,Table2(I).A-H
UNFCCC CRT 2025,2025-04-15,2021,2.C.2,Ferroalloys production,Ferroalloys production,2070.038,2070038.0,1.7016337701626738,Table2(I).A-H
UNFCCC CRT 2025,2025-04-15,2021,2.C.3,Aluminium production,Aluminium production,262.361379,262361.379,1.641115408391619,Table2(I).A-H
UNFCCC CRT 2025,2025-04-15,2021,2.C.5,Lead production,Lead production,118.8,118800.0,0.52,Table2(I).A-H
UNFCCC CRT 2025,2025-04-15,2021,2.C.6,Zinc production,Zinc production,81.861,81861.0,3.66,Table2(I).A-H
UNFCCC CRT 2025,2025-04-15,2021,2.D.1,Lubricant use,Lubricant consumption,61.3,61300.0,0.589600326264274,Table2(I).A-H
UNFCCC CRT 2025,2025-04-15,2021,2.D.2,Paraffin wax use,Paraffin wax use,0.1395,139.5,0.589600000536,Table2(I).A-H
UNFCCC CRT 2025,2025-04-15,2022,2.A.1,Cement production,Clinker production,8468.3,8468300.0,0.5264602104318459,Table2(I).A-H
UNFCCC CRT 2025,2025-04-15,2022,2.A.2,Lime production,Lime produced,946.311,946311.0,0.7665000000000001,Table2(I).A-H
UNFCCC CRT 2025,2025-04-15,2022,2.A.3,Glass production,Glass production,283.277,283277.0,0.1,Table2(I).A-H
UNFCCC CRT 2025,2025-04-15,2022,2.A.4.a,Ceramics,Ceramics/Bricks/Tiles produced,714.9193689,714919.3689,0.11000000000000001,Table2(I).A-H
UNFCCC CRT 2025,2025-04-15,2022,2.A.4.b,Other uses of soda ash,Soda ash consumed,159.868,159868.0,0.415,Table2(I).A-H
UNFCCC CRT 2025,2025-04-15,2022,2.B.1,Ammonia production (7),Ammonia production,250.166,250166.0,1.3957583422867483,Table2(I).A-H
UNFCCC CRT 2025,2025-04-15,2022,2.B.2,Nitric acid production,Nitric acid production,282.804,282804.0,,Table2(I).A-H
UNFCCC CRT 2025,2025-04-15,2022,2.B.5.b,Calcium carbide,calcium carbide production,27.051,27051.0,1.0163801707885105,Table2(I).A-H
UNFCCC CRT 2025,2025-04-15,2022,2.C.1.a,Steel,Steel production,3370.999,3370999.0,0.14492251131173514,Table2(I).A-H
UNFCCC CRT 2025,2025-04-15,2022,2.C.1.b,Pig iron,Pig iron production,3136.952,3136952.0,1.68868304,Table2(I).A-H
UNFCCC CRT 2025,2025-04-15,2022,2.C.1.d,Sinter,Sinter production,4837.237,4837237.0,0.6753127870311089,Table2(I).A-H
UNFCCC CRT 2025,2025-04-15,2022,2.C.1.e,Pellet,Pellet production,5317.857,5317857.0,0.06634307767207731,Table2(I).A-H
UNFCCC CRT 2025,2025-04-15,2022,2.C.2,Ferroalloys production,Ferroalloys production,2121.434,2121434.0,1.7833754903522805,Table2(I).A-H
UNFCCC CRT 2025,2025-04-15,2022,2.C.3,Aluminium production,Aluminium production,249.14093599999998,249140.936,1.5901623855950369,Table2(I).A-H
UNFCCC CRT 2025,2025-04-15,2022,2.C.5,Lead production,Lead production,118.5,118500.0,0.52,Table2(I).A-H
UNFCCC CRT 2025,2025-04-15,2022,2.C.6,Zinc production,Zinc production,80.302,80302.0,3.6599999999999997,Table2(I).A-H
UNFCCC CRT 2025,2025-04-15,2022,2.D.1,Lubricant use,Lubricant consumption,68.2,68200.0,0.5895997067448681,Table2(I).A-H
UNFCCC CRT 2025,2025-04-15,2022,2.D.2,Paraffin wax use,Paraffin wax use,0.14750000000000002,147.50000000000003,0.589600000536,Table2(I).A-H
UNFCCC CRT 2025,2025-04-15,2023,2.A.1,Cement production,Clinker production,8254.5,8254500.0,0.5264602338118602,Table2(I).A-H
UNFCCC CRT 2025,2025-04-15,2023,2.A.2,Lime production,Lime produced,941.3,941300.0,0.7664995219377457,Table2(I).A-H
UNFCCC CRT 2025,2025-04-15,2023,2.A.3,Glass production,Glass production,244.809,244809.0,0.09999632366457116,Table2(I).A-H
UNFCCC CRT 2025,2025-04-15,2023,2.A.4.a,Ceramics,Ceramics/Bricks/Tiles produced,668.521,668521.0,0.10999953628980991,Table2(I).A-H
UNFCCC CRT 2025,2025-04-15,2023,2.A.4.b,Other uses of soda ash,Soda ash consumed,172.265,172265.0,0.4149943401155198,Table2(I).A-H
UNFCCC CRT 2025,2025-04-15,2023,2.B.1,Ammonia production (7),Ammonia production,239.836,239836.0,1.3593367968111543,Table2(I).A-H
UNFCCC CRT 2025,2025-04-15,2023,2.B.2,Nitric acid production,Nitric acid production,257.552,257552.00000000003,,Table2(I).A-H
UNFCCC CRT 2025,2025-04-15,2023,2.B.5.b,Calcium carbide,calcium carbide production,25.519,25519.0,1.074728633567146,Table2(I).A-H
UNFCCC CRT 2025,2025-04-15,2023,2.C.1.a,Steel,Steel production,3813.7,3813700.0,0.11344486981146919,Table2(I).A-H
UNFCCC CRT 2025,2025-04-15,2023,2.C.1.b,Pig iron,Pig iron production,2756.64,2756640.0,1.8286763741366303,Table2(I).A-H
UNFCCC CRT 2025,2025-04-15,2023,2.C.1.d,Sinter,Sinter production,4850.598,4850598.0,0.7295759244530262,Table2(I).A-H
UNFCCC CRT 2025,2025-04-15,2023,2.C.1.e,Pellet,Pellet production,4599.9,4599900.0,0.062464497054283794,Table2(I).A-H
UNFCCC CRT 2025,2025-04-15,2023,2.C.2,Ferroalloys production,Ferroalloys production,2028.858,2028858.0,1.6884120426367937,Table2(I).A-H
UNFCCC CRT 2025,2025-04-15,2023,2.C.3,Aluminium production,Aluminium production,260.8759,260875.9,1.5476199986277,Table2(I).A-H
UNFCCC CRT 2025,2025-04-15,2023,2.C.5,Lead production,Lead production,121.37,121370.0,0.52,Table2(I).A-H
UNFCCC CRT 2025,2025-04-15,2023,2.C.6,Zinc production,Zinc production,75.044,75044.0,3.6600141250466396,Table2(I).A-H
UNFCCC CRT 2025,2025-04-15,2023,2.D.1,Lubricant use,Lubricant consumption,60.1,60100.0,0.5895990016638935,Table2(I).A-H
UNFCCC CRT 2025,2025-04-15,2023,2.D.2,Paraffin wax use,Paraffin wax use,0.1169,116.9,0.5893926432848589,Table2(I).A-H
