bns_product,year_coverage,candidate_ipcc_category,ipcc_process,candidate_use,comparability_status,critical_check_before_comparison
"Клинкеры цементные, тыс.тонн",2021,2A1,Cement production,"Preferred activity indicator when UNFCCC uses clinker production",candidate_comparable,"Verify UNFCCC activity data refers to clinker rather than cement; convert thousand tonnes to tonnes."
"Портландцемент (кроме белого), тыс.тонн",2021,2A1,Cement production,"Context indicator only; may support plausibility checks",not_directly_comparable,"Do not substitute for clinker without a documented clinker-to-cement ratio and matching inventory method."
"Известь гашенная, негашеная и гидравлическая, тонн",1990-2023; 2021,2A2,Lime production,"Candidate activity indicator",conditionally_comparable,"Identify whether UNFCCC covers only quicklime/hydrated lime and whether product definitions agree."
"Чугун передельный, литейный или зеркальный в чушках, болванках или в виде форм первичных прочих, тонн",2021,2C1,Iron and steel production,"Candidate activity indicator",conditionally_comparable,"Verify whether inventory uses pig iron, crude steel, sinter, pellets or a plant-specific carbon-balance method."
"Ферросплавы, тонн",1990-2023; 2021,2C2,Ferroalloys production,"Candidate activity indicator",candidate_comparable,"Check alloy mix and whether UNFCCC activity data covers the same production boundary."
"Сталь нерафинированная, тонн",2021,2C1,Iron and steel production,"Candidate indicator; do not aggregate with detailed steel rows",conditionally_comparable,"Avoid double counting with carbon and alloy steel product rows; match the inventory's exact activity metric."
"Алюминий необработанный; оксид алюминия, тонн",1990-2023; 2021,2C3,Aluminium production,"Screening only",not_comparable,"Combined product line cannot represent primary aluminium activity."
"Алюминий необработанный нелегированный первичный, тонн",2021,2C3,Aluminium production,"Potentially relevant but unavailable",not_available,"BNS notation 'x' denotes confidential/non-published value; do not impute."
"Цинк необработанный, тонн",1990-2023; 2021,2C6,Zinc production,"Candidate activity indicator",candidate_comparable,"Confirm that UNFCCC applies the same definition of zinc output and reports physical rather than metal-content production."
